exp_id,avg_acc_before,avg_acc_after,time,config_path,Props,Heuristic,NumConstraints,Threshold,NNHidden,Params,Free,WeightsConfig,extra_params
1,1.0,0.8770909090909091,176.8033,/home/deebee/PycharmProjects/NNSynthesizer/cache/config-blobs-1/exp_1/config.json,1,SAMPLES,6000,1,"[10, 10]",162,1,"{'select_weight': [[1, 1, 1]]}",
2,unknown,unknown,timeout,/home/deebee/PycharmProjects/NNSynthesizer/cache/config-blobs-1/exp_2/config.json,1,SAMPLES,6000,500,"[10, 10]",162,1,"{'select_weight': [[1, 1, 1]]}",
3,skipped,skipped,skipped,/home/deebee/PycharmProjects/NNSynthesizer/cache/config-blobs-1/exp_3/config.json,1,SAMPLES,None,1000,"[10, 10]",None,None,"{'select_weight': [[1, 1, 1]]}",
4,skipped,skipped,skipped,/home/deebee/PycharmProjects/NNSynthesizer/cache/config-blobs-1/exp_4/config.json,1,SAMPLES,None,2000,"[10, 10]",None,None,"{'select_weight': [[1, 1, 1]]}",
5,skipped,skipped,skipped,/home/deebee/PycharmProjects/NNSynthesizer/cache/config-blobs-1/exp_5/config.json,1,SAMPLES,None,5500,"[10, 10]",None,None,"{'select_weight': [[1, 1, 1]]}",
6,1.0,0.6784545454545454,234.5848,/home/deebee/PycharmProjects/NNSynthesizer/cache/config-blobs-1/exp_6/config.json,1,SAMPLES,6000,1,"[10, 10]",162,1,"{'select_weight': [[1, 1, 2]]}",
7,unknown,unknown,timeout,/home/deebee/PycharmProjects/NNSynthesizer/cache/config-blobs-1/exp_7/config.json,1,SAMPLES,6000,500,"[10, 10]",162,1,"{'select_weight': [[1, 1, 2]]}",
8,skipped,skipped,skipped,/home/deebee/PycharmProjects/NNSynthesizer/cache/config-blobs-1/exp_8/config.json,1,SAMPLES,None,1000,"[10, 10]",None,None,"{'select_weight': [[1, 1, 2]]}",
9,skipped,skipped,skipped,/home/deebee/PycharmProjects/NNSynthesizer/cache/config-blobs-1/exp_9/config.json,1,SAMPLES,None,2000,"[10, 10]",None,None,"{'select_weight': [[1, 1, 2]]}",
10,skipped,skipped,skipped,/home/deebee/PycharmProjects/NNSynthesizer/cache/config-blobs-1/exp_10/config.json,1,SAMPLES,None,5500,"[10, 10]",None,None,"{'select_weight': [[1, 1, 2]]}",
11,unknown,unknown,timeout,/home/deebee/PycharmProjects/NNSynthesizer/cache/config-blobs-1/exp_11/config.json,1,SAMPLES,6000,1,"[10, 10]",162,1,"{'select_bias': [[1, 1]]}",
12,skipped,skipped,skipped,/home/deebee/PycharmProjects/NNSynthesizer/cache/config-blobs-1/exp_12/config.json,1,SAMPLES,None,500,"[10, 10]",None,None,"{'select_bias': [[1, 1]]}",
13,skipped,skipped,skipped,/home/deebee/PycharmProjects/NNSynthesizer/cache/config-blobs-1/exp_13/config.json,1,SAMPLES,None,1000,"[10, 10]",None,None,"{'select_bias': [[1, 1]]}",
14,skipped,skipped,skipped,/home/deebee/PycharmProjects/NNSynthesizer/cache/config-blobs-1/exp_14/config.json,1,SAMPLES,None,2000,"[10, 10]",None,None,"{'select_bias': [[1, 1]]}",
15,skipped,skipped,skipped,/home/deebee/PycharmProjects/NNSynthesizer/cache/config-blobs-1/exp_15/config.json,1,SAMPLES,None,5500,"[10, 10]",None,None,"{'select_bias': [[1, 1]]}",
16,1.0,0.8720909090909091,256.1662,/home/deebee/PycharmProjects/NNSynthesizer/cache/config-blobs-1/exp_16/config.json,1,SAMPLES,6000,1,"[10, 10]",162,1,"{'select_weight': [[1, 2, 1]]}",
17,unknown,unknown,timeout,/home/deebee/PycharmProjects/NNSynthesizer/cache/config-blobs-1/exp_17/config.json,1,SAMPLES,6000,500,"[10, 10]",162,1,"{'select_weight': [[1, 2, 1]]}",
18,skipped,skipped,skipped,/home/deebee/PycharmProjects/NNSynthesizer/cache/config-blobs-1/exp_18/config.json,1,SAMPLES,None,1000,"[10, 10]",None,None,"{'select_weight': [[1, 2, 1]]}",
19,skipped,skipped,skipped,/home/deebee/PycharmProjects/NNSynthesizer/cache/config-blobs-1/exp_19/config.json,1,SAMPLES,None,2000,"[10, 10]",None,None,"{'select_weight': [[1, 2, 1]]}",
20,skipped,skipped,skipped,/home/deebee/PycharmProjects/NNSynthesizer/cache/config-blobs-1/exp_20/config.json,1,SAMPLES,None,5500,"[10, 10]",None,None,"{'select_weight': [[1, 2, 1]]}",
21,unsat,unsat,226.2317,/home/deebee/PycharmProjects/NNSynthesizer/cache/config-blobs-1/exp_21/config.json,1,SAMPLES,6000,1,"[10, 10]",162,1,"{'select_weight': [[1, 2, 2]]}",
22,skipped,skipped,skipped,/home/deebee/PycharmProjects/NNSynthesizer/cache/config-blobs-1/exp_22/config.json,1,SAMPLES,None,500,"[10, 10]",None,None,"{'select_weight': [[1, 2, 2]]}",
23,skipped,skipped,skipped,/home/deebee/PycharmProjects/NNSynthesizer/cache/config-blobs-1/exp_23/config.json,1,SAMPLES,None,1000,"[10, 10]",None,None,"{'select_weight': [[1, 2, 2]]}",
24,skipped,skipped,skipped,/home/deebee/PycharmProjects/NNSynthesizer/cache/config-blobs-1/exp_24/config.json,1,SAMPLES,None,2000,"[10, 10]",None,None,"{'select_weight': [[1, 2, 2]]}",
25,skipped,skipped,skipped,/home/deebee/PycharmProjects/NNSynthesizer/cache/config-blobs-1/exp_25/config.json,1,SAMPLES,None,5500,"[10, 10]",None,None,"{'select_weight': [[1, 2, 2]]}",
26,unknown,unknown,timeout,/home/deebee/PycharmProjects/NNSynthesizer/cache/config-blobs-1/exp_26/config.json,1,SAMPLES,6000,1,"[10, 10]",162,1,"{'select_bias': [[1, 2]]}",
27,skipped,skipped,skipped,/home/deebee/PycharmProjects/NNSynthesizer/cache/config-blobs-1/exp_27/config.json,1,SAMPLES,None,500,"[10, 10]",None,None,"{'select_bias': [[1, 2]]}",
28,skipped,skipped,skipped,/home/deebee/PycharmProjects/NNSynthesizer/cache/config-blobs-1/exp_28/config.json,1,SAMPLES,None,1000,"[10, 10]",None,None,"{'select_bias': [[1, 2]]}",
29,skipped,skipped,skipped,/home/deebee/PycharmProjects/NNSynthesizer/cache/config-blobs-1/exp_29/config.json,1,SAMPLES,None,2000,"[10, 10]",None,None,"{'select_bias': [[1, 2]]}",
30,skipped,skipped,skipped,/home/deebee/PycharmProjects/NNSynthesizer/cache/config-blobs-1/exp_30/config.json,1,SAMPLES,None,5500,"[10, 10]",None,None,"{'select_bias': [[1, 2]]}",
31,1.0,0.8753636363636363,97.2037,/home/deebee/PycharmProjects/NNSynthesizer/cache/config-blobs-1/exp_31/config.json,1,SAMPLES,6000,1,"[10, 10]",162,1,"{'select_weight': [[1, 3, 1]]}",
32,unknown,unknown,timeout,/home/deebee/PycharmProjects/NNSynthesizer/cache/config-blobs-1/exp_32/config.json,1,SAMPLES,6000,500,"[10, 10]",162,1,"{'select_weight': [[1, 3, 1]]}",
33,skipped,skipped,skipped,/home/deebee/PycharmProjects/NNSynthesizer/cache/config-blobs-1/exp_33/config.json,1,SAMPLES,None,1000,"[10, 10]",None,None,"{'select_weight': [[1, 3, 1]]}",
34,skipped,skipped,skipped,/home/deebee/PycharmProjects/NNSynthesizer/cache/config-blobs-1/exp_34/config.json,1,SAMPLES,None,2000,"[10, 10]",None,None,"{'select_weight': [[1, 3, 1]]}",
35,skipped,skipped,skipped,/home/deebee/PycharmProjects/NNSynthesizer/cache/config-blobs-1/exp_35/config.json,1,SAMPLES,None,5500,"[10, 10]",None,None,"{'select_weight': [[1, 3, 1]]}",
36,1.0,0.7476363636363637,135.3950,/home/deebee/PycharmProjects/NNSynthesizer/cache/config-blobs-1/exp_36/config.json,1,SAMPLES,6000,1,"[10, 10]",162,1,"{'select_weight': [[1, 3, 2]]}",
37,unknown,unknown,timeout,/home/deebee/PycharmProjects/NNSynthesizer/cache/config-blobs-1/exp_37/config.json,1,SAMPLES,6000,500,"[10, 10]",162,1,"{'select_weight': [[1, 3, 2]]}",
38,skipped,skipped,skipped,/home/deebee/PycharmProjects/NNSynthesizer/cache/config-blobs-1/exp_38/config.json,1,SAMPLES,None,1000,"[10, 10]",None,None,"{'select_weight': [[1, 3, 2]]}",
39,skipped,skipped,skipped,/home/deebee/PycharmProjects/NNSynthesizer/cache/config-blobs-1/exp_39/config.json,1,SAMPLES,None,2000,"[10, 10]",None,None,"{'select_weight': [[1, 3, 2]]}",
40,skipped,skipped,skipped,/home/deebee/PycharmProjects/NNSynthesizer/cache/config-blobs-1/exp_40/config.json,1,SAMPLES,None,5500,"[10, 10]",None,None,"{'select_weight': [[1, 3, 2]]}",
41,unknown,unknown,timeout,/home/deebee/PycharmProjects/NNSynthesizer/cache/config-blobs-1/exp_41/config.json,1,SAMPLES,6000,1,"[10, 10]",162,1,"{'select_bias': [[1, 3]]}",
42,skipped,skipped,skipped,/home/deebee/PycharmProjects/NNSynthesizer/cache/config-blobs-1/exp_42/config.json,1,SAMPLES,None,500,"[10, 10]",None,None,"{'select_bias': [[1, 3]]}",
43,skipped,skipped,skipped,/home/deebee/PycharmProjects/NNSynthesizer/cache/config-blobs-1/exp_43/config.json,1,SAMPLES,None,1000,"[10, 10]",None,None,"{'select_bias': [[1, 3]]}",
44,skipped,skipped,skipped,/home/deebee/PycharmProjects/NNSynthesizer/cache/config-blobs-1/exp_44/config.json,1,SAMPLES,None,2000,"[10, 10]",None,None,"{'select_bias': [[1, 3]]}",
45,skipped,skipped,skipped,/home/deebee/PycharmProjects/NNSynthesizer/cache/config-blobs-1/exp_45/config.json,1,SAMPLES,None,5500,"[10, 10]",None,None,"{'select_bias': [[1, 3]]}",
46,1.0,0.7894545454545454,100.2594,/home/deebee/PycharmProjects/NNSynthesizer/cache/config-blobs-1/exp_46/config.json,1,SAMPLES,6000,1,"[10, 10]",162,1,"{'select_weight': [[1, 4, 1]]}",
47,unknown,unknown,timeout,/home/deebee/PycharmProjects/NNSynthesizer/cache/config-blobs-1/exp_47/config.json,1,SAMPLES,6000,500,"[10, 10]",162,1,"{'select_weight': [[1, 4, 1]]}",
48,skipped,skipped,skipped,/home/deebee/PycharmProjects/NNSynthesizer/cache/config-blobs-1/exp_48/config.json,1,SAMPLES,None,1000,"[10, 10]",None,None,"{'select_weight': [[1, 4, 1]]}",
49,skipped,skipped,skipped,/home/deebee/PycharmProjects/NNSynthesizer/cache/config-blobs-1/exp_49/config.json,1,SAMPLES,None,2000,"[10, 10]",None,None,"{'select_weight': [[1, 4, 1]]}",
50,skipped,skipped,skipped,/home/deebee/PycharmProjects/NNSynthesizer/cache/config-blobs-1/exp_50/config.json,1,SAMPLES,None,5500,"[10, 10]",None,None,"{'select_weight': [[1, 4, 1]]}",
51,unsat,unsat,192.0761,/home/deebee/PycharmProjects/NNSynthesizer/cache/config-blobs-1/exp_51/config.json,1,SAMPLES,6000,1,"[10, 10]",162,1,"{'select_weight': [[1, 4, 2]]}",
52,skipped,skipped,skipped,/home/deebee/PycharmProjects/NNSynthesizer/cache/config-blobs-1/exp_52/config.json,1,SAMPLES,None,500,"[10, 10]",None,None,"{'select_weight': [[1, 4, 2]]}",
53,skipped,skipped,skipped,/home/deebee/PycharmProjects/NNSynthesizer/cache/config-blobs-1/exp_53/config.json,1,SAMPLES,None,1000,"[10, 10]",None,None,"{'select_weight': [[1, 4, 2]]}",
54,skipped,skipped,skipped,/home/deebee/PycharmProjects/NNSynthesizer/cache/config-blobs-1/exp_54/config.json,1,SAMPLES,None,2000,"[10, 10]",None,None,"{'select_weight': [[1, 4, 2]]}",
55,skipped,skipped,skipped,/home/deebee/PycharmProjects/NNSynthesizer/cache/config-blobs-1/exp_55/config.json,1,SAMPLES,None,5500,"[10, 10]",None,None,"{'select_weight': [[1, 4, 2]]}",
56,unknown,unknown,timeout,/home/deebee/PycharmProjects/NNSynthesizer/cache/config-blobs-1/exp_56/config.json,1,SAMPLES,6000,1,"[10, 10]",162,1,"{'select_bias': [[1, 4]]}",
57,skipped,skipped,skipped,/home/deebee/PycharmProjects/NNSynthesizer/cache/config-blobs-1/exp_57/config.json,1,SAMPLES,None,500,"[10, 10]",None,None,"{'select_bias': [[1, 4]]}",
58,skipped,skipped,skipped,/home/deebee/PycharmProjects/NNSynthesizer/cache/config-blobs-1/exp_58/config.json,1,SAMPLES,None,1000,"[10, 10]",None,None,"{'select_bias': [[1, 4]]}",
59,skipped,skipped,skipped,/home/deebee/PycharmProjects/NNSynthesizer/cache/config-blobs-1/exp_59/config.json,1,SAMPLES,None,2000,"[10, 10]",None,None,"{'select_bias': [[1, 4]]}",
60,skipped,skipped,skipped,/home/deebee/PycharmProjects/NNSynthesizer/cache/config-blobs-1/exp_60/config.json,1,SAMPLES,None,5500,"[10, 10]",None,None,"{'select_bias': [[1, 4]]}",
61,1.0,0.8288181818181818,272.0314,/home/deebee/PycharmProjects/NNSynthesizer/cache/config-blobs-1/exp_61/config.json,1,SAMPLES,6000,1,"[10, 10]",162,1,"{'select_weight': [[1, 5, 1]]}",
62,unknown,unknown,timeout,/home/deebee/PycharmProjects/NNSynthesizer/cache/config-blobs-1/exp_62/config.json,1,SAMPLES,6000,500,"[10, 10]",162,1,"{'select_weight': [[1, 5, 1]]}",
63,skipped,skipped,skipped,/home/deebee/PycharmProjects/NNSynthesizer/cache/config-blobs-1/exp_63/config.json,1,SAMPLES,None,1000,"[10, 10]",None,None,"{'select_weight': [[1, 5, 1]]}",
64,skipped,skipped,skipped,/home/deebee/PycharmProjects/NNSynthesizer/cache/config-blobs-1/exp_64/config.json,1,SAMPLES,None,2000,"[10, 10]",None,None,"{'select_weight': [[1, 5, 1]]}",
65,skipped,skipped,skipped,/home/deebee/PycharmProjects/NNSynthesizer/cache/config-blobs-1/exp_65/config.json,1,SAMPLES,None,5500,"[10, 10]",None,None,"{'select_weight': [[1, 5, 1]]}",
66,1.0,0.7540909090909091,291.2357,/home/deebee/PycharmProjects/NNSynthesizer/cache/config-blobs-1/exp_66/config.json,1,SAMPLES,6000,1,"[10, 10]",162,1,"{'select_weight': [[1, 5, 2]]}",
67,unknown,unknown,timeout,/home/deebee/PycharmProjects/NNSynthesizer/cache/config-blobs-1/exp_67/config.json,1,SAMPLES,6000,500,"[10, 10]",162,1,"{'select_weight': [[1, 5, 2]]}",
68,skipped,skipped,skipped,/home/deebee/PycharmProjects/NNSynthesizer/cache/config-blobs-1/exp_68/config.json,1,SAMPLES,None,1000,"[10, 10]",None,None,"{'select_weight': [[1, 5, 2]]}",
69,skipped,skipped,skipped,/home/deebee/PycharmProjects/NNSynthesizer/cache/config-blobs-1/exp_69/config.json,1,SAMPLES,None,2000,"[10, 10]",None,None,"{'select_weight': [[1, 5, 2]]}",
70,skipped,skipped,skipped,/home/deebee/PycharmProjects/NNSynthesizer/cache/config-blobs-1/exp_70/config.json,1,SAMPLES,None,5500,"[10, 10]",None,None,"{'select_weight': [[1, 5, 2]]}",
71,unknown,unknown,timeout,/home/deebee/PycharmProjects/NNSynthesizer/cache/config-blobs-1/exp_71/config.json,1,SAMPLES,6000,1,"[10, 10]",162,1,"{'select_bias': [[1, 5]]}",
72,skipped,skipped,skipped,/home/deebee/PycharmProjects/NNSynthesizer/cache/config-blobs-1/exp_72/config.json,1,SAMPLES,None,500,"[10, 10]",None,None,"{'select_bias': [[1, 5]]}",
73,skipped,skipped,skipped,/home/deebee/PycharmProjects/NNSynthesizer/cache/config-blobs-1/exp_73/config.json,1,SAMPLES,None,1000,"[10, 10]",None,None,"{'select_bias': [[1, 5]]}",
74,skipped,skipped,skipped,/home/deebee/PycharmProjects/NNSynthesizer/cache/config-blobs-1/exp_74/config.json,1,SAMPLES,None,2000,"[10, 10]",None,None,"{'select_bias': [[1, 5]]}",
75,skipped,skipped,skipped,/home/deebee/PycharmProjects/NNSynthesizer/cache/config-blobs-1/exp_75/config.json,1,SAMPLES,None,5500,"[10, 10]",None,None,"{'select_bias': [[1, 5]]}",
76,1.0,0.9671818181818181,104.8473,/home/deebee/PycharmProjects/NNSynthesizer/cache/config-blobs-1/exp_76/config.json,1,SAMPLES,6000,1,"[10, 10]",162,1,"{'select_weight': [[1, 6, 1]]}",
77,unknown,unknown,timeout,/home/deebee/PycharmProjects/NNSynthesizer/cache/config-blobs-1/exp_77/config.json,1,SAMPLES,6000,500,"[10, 10]",162,1,"{'select_weight': [[1, 6, 1]]}",
78,skipped,skipped,skipped,/home/deebee/PycharmProjects/NNSynthesizer/cache/config-blobs-1/exp_78/config.json,1,SAMPLES,None,1000,"[10, 10]",None,None,"{'select_weight': [[1, 6, 1]]}",
79,skipped,skipped,skipped,/home/deebee/PycharmProjects/NNSynthesizer/cache/config-blobs-1/exp_79/config.json,1,SAMPLES,None,2000,"[10, 10]",None,None,"{'select_weight': [[1, 6, 1]]}",
80,skipped,skipped,skipped,/home/deebee/PycharmProjects/NNSynthesizer/cache/config-blobs-1/exp_80/config.json,1,SAMPLES,None,5500,"[10, 10]",None,None,"{'select_weight': [[1, 6, 1]]}",
81,1.0,0.738,147.4632,/home/deebee/PycharmProjects/NNSynthesizer/cache/config-blobs-1/exp_81/config.json,1,SAMPLES,6000,1,"[10, 10]",162,1,"{'select_weight': [[1, 6, 2]]}",
82,unknown,unknown,timeout,/home/deebee/PycharmProjects/NNSynthesizer/cache/config-blobs-1/exp_82/config.json,1,SAMPLES,6000,500,"[10, 10]",162,1,"{'select_weight': [[1, 6, 2]]}",
83,skipped,skipped,skipped,/home/deebee/PycharmProjects/NNSynthesizer/cache/config-blobs-1/exp_83/config.json,1,SAMPLES,None,1000,"[10, 10]",None,None,"{'select_weight': [[1, 6, 2]]}",
84,skipped,skipped,skipped,/home/deebee/PycharmProjects/NNSynthesizer/cache/config-blobs-1/exp_84/config.json,1,SAMPLES,None,2000,"[10, 10]",None,None,"{'select_weight': [[1, 6, 2]]}",
85,skipped,skipped,skipped,/home/deebee/PycharmProjects/NNSynthesizer/cache/config-blobs-1/exp_85/config.json,1,SAMPLES,None,5500,"[10, 10]",None,None,"{'select_weight': [[1, 6, 2]]}",
86,unknown,unknown,timeout,/home/deebee/PycharmProjects/NNSynthesizer/cache/config-blobs-1/exp_86/config.json,1,SAMPLES,6000,1,"[10, 10]",162,1,"{'select_bias': [[1, 6]]}",
87,skipped,skipped,skipped,/home/deebee/PycharmProjects/NNSynthesizer/cache/config-blobs-1/exp_87/config.json,1,SAMPLES,None,500,"[10, 10]",None,None,"{'select_bias': [[1, 6]]}",
88,skipped,skipped,skipped,/home/deebee/PycharmProjects/NNSynthesizer/cache/config-blobs-1/exp_88/config.json,1,SAMPLES,None,1000,"[10, 10]",None,None,"{'select_bias': [[1, 6]]}",
89,skipped,skipped,skipped,/home/deebee/PycharmProjects/NNSynthesizer/cache/config-blobs-1/exp_89/config.json,1,SAMPLES,None,2000,"[10, 10]",None,None,"{'select_bias': [[1, 6]]}",
90,skipped,skipped,skipped,/home/deebee/PycharmProjects/NNSynthesizer/cache/config-blobs-1/exp_90/config.json,1,SAMPLES,None,5500,"[10, 10]",None,None,"{'select_bias': [[1, 6]]}",
91,1.0,0.641,104.1348,/home/deebee/PycharmProjects/NNSynthesizer/cache/config-blobs-1/exp_91/config.json,1,SAMPLES,6000,1,"[10, 10]",162,1,"{'select_weight': [[1, 7, 1]]}",
92,unknown,unknown,timeout,/home/deebee/PycharmProjects/NNSynthesizer/cache/config-blobs-1/exp_92/config.json,1,SAMPLES,6000,500,"[10, 10]",162,1,"{'select_weight': [[1, 7, 1]]}",
93,skipped,skipped,skipped,/home/deebee/PycharmProjects/NNSynthesizer/cache/config-blobs-1/exp_93/config.json,1,SAMPLES,None,1000,"[10, 10]",None,None,"{'select_weight': [[1, 7, 1]]}",
94,skipped,skipped,skipped,/home/deebee/PycharmProjects/NNSynthesizer/cache/config-blobs-1/exp_94/config.json,1,SAMPLES,None,2000,"[10, 10]",None,None,"{'select_weight': [[1, 7, 1]]}",
95,skipped,skipped,skipped,/home/deebee/PycharmProjects/NNSynthesizer/cache/config-blobs-1/exp_95/config.json,1,SAMPLES,None,5500,"[10, 10]",None,None,"{'select_weight': [[1, 7, 1]]}",
96,1.0,0.7516363636363637,144.3428,/home/deebee/PycharmProjects/NNSynthesizer/cache/config-blobs-1/exp_96/config.json,1,SAMPLES,6000,1,"[10, 10]",162,1,"{'select_weight': [[1, 7, 2]]}",
97,unknown,unknown,timeout,/home/deebee/PycharmProjects/NNSynthesizer/cache/config-blobs-1/exp_97/config.json,1,SAMPLES,6000,500,"[10, 10]",162,1,"{'select_weight': [[1, 7, 2]]}",
98,skipped,skipped,skipped,/home/deebee/PycharmProjects/NNSynthesizer/cache/config-blobs-1/exp_98/config.json,1,SAMPLES,None,1000,"[10, 10]",None,None,"{'select_weight': [[1, 7, 2]]}",
99,skipped,skipped,skipped,/home/deebee/PycharmProjects/NNSynthesizer/cache/config-blobs-1/exp_99/config.json,1,SAMPLES,None,2000,"[10, 10]",None,None,"{'select_weight': [[1, 7, 2]]}",
100,skipped,skipped,skipped,/home/deebee/PycharmProjects/NNSynthesizer/cache/config-blobs-1/exp_100/config.json,1,SAMPLES,None,5500,"[10, 10]",None,None,"{'select_weight': [[1, 7, 2]]}",
101,unknown,unknown,timeout,/home/deebee/PycharmProjects/NNSynthesizer/cache/config-blobs-1/exp_101/config.json,1,SAMPLES,6000,1,"[10, 10]",162,1,"{'select_bias': [[1, 7]]}",
102,skipped,skipped,skipped,/home/deebee/PycharmProjects/NNSynthesizer/cache/config-blobs-1/exp_102/config.json,1,SAMPLES,None,500,"[10, 10]",None,None,"{'select_bias': [[1, 7]]}",
103,skipped,skipped,skipped,/home/deebee/PycharmProjects/NNSynthesizer/cache/config-blobs-1/exp_103/config.json,1,SAMPLES,None,1000,"[10, 10]",None,None,"{'select_bias': [[1, 7]]}",
104,skipped,skipped,skipped,/home/deebee/PycharmProjects/NNSynthesizer/cache/config-blobs-1/exp_104/config.json,1,SAMPLES,None,2000,"[10, 10]",None,None,"{'select_bias': [[1, 7]]}",
105,skipped,skipped,skipped,/home/deebee/PycharmProjects/NNSynthesizer/cache/config-blobs-1/exp_105/config.json,1,SAMPLES,None,5500,"[10, 10]",None,None,"{'select_bias': [[1, 7]]}",
106,1.0,0.9918181818181818,229.6817,/home/deebee/PycharmProjects/NNSynthesizer/cache/config-blobs-1/exp_106/config.json,1,SAMPLES,6000,1,"[10, 10]",162,1,"{'select_weight': [[1, 8, 1]]}",
107,unknown,unknown,timeout,/home/deebee/PycharmProjects/NNSynthesizer/cache/config-blobs-1/exp_107/config.json,1,SAMPLES,6000,500,"[10, 10]",162,1,"{'select_weight': [[1, 8, 1]]}",
108,skipped,skipped,skipped,/home/deebee/PycharmProjects/NNSynthesizer/cache/config-blobs-1/exp_108/config.json,1,SAMPLES,None,1000,"[10, 10]",None,None,"{'select_weight': [[1, 8, 1]]}",
109,skipped,skipped,skipped,/home/deebee/PycharmProjects/NNSynthesizer/cache/config-blobs-1/exp_109/config.json,1,SAMPLES,None,2000,"[10, 10]",None,None,"{'select_weight': [[1, 8, 1]]}",
110,skipped,skipped,skipped,/home/deebee/PycharmProjects/NNSynthesizer/cache/config-blobs-1/exp_110/config.json,1,SAMPLES,None,5500,"[10, 10]",None,None,"{'select_weight': [[1, 8, 1]]}",
111,unsat,unsat,254.7699,/home/deebee/PycharmProjects/NNSynthesizer/cache/config-blobs-1/exp_111/config.json,1,SAMPLES,6000,1,"[10, 10]",162,1,"{'select_weight': [[1, 8, 2]]}",
112,skipped,skipped,skipped,/home/deebee/PycharmProjects/NNSynthesizer/cache/config-blobs-1/exp_112/config.json,1,SAMPLES,None,500,"[10, 10]",None,None,"{'select_weight': [[1, 8, 2]]}",
113,skipped,skipped,skipped,/home/deebee/PycharmProjects/NNSynthesizer/cache/config-blobs-1/exp_113/config.json,1,SAMPLES,None,1000,"[10, 10]",None,None,"{'select_weight': [[1, 8, 2]]}",
114,skipped,skipped,skipped,/home/deebee/PycharmProjects/NNSynthesizer/cache/config-blobs-1/exp_114/config.json,1,SAMPLES,None,2000,"[10, 10]",None,None,"{'select_weight': [[1, 8, 2]]}",
115,skipped,skipped,skipped,/home/deebee/PycharmProjects/NNSynthesizer/cache/config-blobs-1/exp_115/config.json,1,SAMPLES,None,5500,"[10, 10]",None,None,"{'select_weight': [[1, 8, 2]]}",
116,unknown,unknown,timeout,/home/deebee/PycharmProjects/NNSynthesizer/cache/config-blobs-1/exp_116/config.json,1,SAMPLES,6000,1,"[10, 10]",162,1,"{'select_bias': [[1, 8]]}",
117,skipped,skipped,skipped,/home/deebee/PycharmProjects/NNSynthesizer/cache/config-blobs-1/exp_117/config.json,1,SAMPLES,None,500,"[10, 10]",None,None,"{'select_bias': [[1, 8]]}",
118,skipped,skipped,skipped,/home/deebee/PycharmProjects/NNSynthesizer/cache/config-blobs-1/exp_118/config.json,1,SAMPLES,None,1000,"[10, 10]",None,None,"{'select_bias': [[1, 8]]}",
119,skipped,skipped,skipped,/home/deebee/PycharmProjects/NNSynthesizer/cache/config-blobs-1/exp_119/config.json,1,SAMPLES,None,2000,"[10, 10]",None,None,"{'select_bias': [[1, 8]]}",
120,skipped,skipped,skipped,/home/deebee/PycharmProjects/NNSynthesizer/cache/config-blobs-1/exp_120/config.json,1,SAMPLES,None,5500,"[10, 10]",None,None,"{'select_bias': [[1, 8]]}",
121,1.0,0.8405454545454546,179.2779,/home/deebee/PycharmProjects/NNSynthesizer/cache/config-blobs-1/exp_121/config.json,1,SAMPLES,6000,1,"[10, 10]",162,1,"{'select_weight': [[1, 9, 1]]}",
122,unknown,unknown,timeout,/home/deebee/PycharmProjects/NNSynthesizer/cache/config-blobs-1/exp_122/config.json,1,SAMPLES,6000,500,"[10, 10]",162,1,"{'select_weight': [[1, 9, 1]]}",
123,skipped,skipped,skipped,/home/deebee/PycharmProjects/NNSynthesizer/cache/config-blobs-1/exp_123/config.json,1,SAMPLES,None,1000,"[10, 10]",None,None,"{'select_weight': [[1, 9, 1]]}",
124,skipped,skipped,skipped,/home/deebee/PycharmProjects/NNSynthesizer/cache/config-blobs-1/exp_124/config.json,1,SAMPLES,None,2000,"[10, 10]",None,None,"{'select_weight': [[1, 9, 1]]}",
125,skipped,skipped,skipped,/home/deebee/PycharmProjects/NNSynthesizer/cache/config-blobs-1/exp_125/config.json,1,SAMPLES,None,5500,"[10, 10]",None,None,"{'select_weight': [[1, 9, 1]]}",
126,1.0,0.7526363636363637,188.4430,/home/deebee/PycharmProjects/NNSynthesizer/cache/config-blobs-1/exp_126/config.json,1,SAMPLES,6000,1,"[10, 10]",162,1,"{'select_weight': [[1, 9, 2]]}",
127,unknown,unknown,timeout,/home/deebee/PycharmProjects/NNSynthesizer/cache/config-blobs-1/exp_127/config.json,1,SAMPLES,6000,500,"[10, 10]",162,1,"{'select_weight': [[1, 9, 2]]}",
128,skipped,skipped,skipped,/home/deebee/PycharmProjects/NNSynthesizer/cache/config-blobs-1/exp_128/config.json,1,SAMPLES,None,1000,"[10, 10]",None,None,"{'select_weight': [[1, 9, 2]]}",
129,skipped,skipped,skipped,/home/deebee/PycharmProjects/NNSynthesizer/cache/config-blobs-1/exp_129/config.json,1,SAMPLES,None,2000,"[10, 10]",None,None,"{'select_weight': [[1, 9, 2]]}",
130,skipped,skipped,skipped,/home/deebee/PycharmProjects/NNSynthesizer/cache/config-blobs-1/exp_130/config.json,1,SAMPLES,None,5500,"[10, 10]",None,None,"{'select_weight': [[1, 9, 2]]}",
131,unknown,unknown,timeout,/home/deebee/PycharmProjects/NNSynthesizer/cache/config-blobs-1/exp_131/config.json,1,SAMPLES,6000,1,"[10, 10]",162,1,"{'select_bias': [[1, 9]]}",
132,skipped,skipped,skipped,/home/deebee/PycharmProjects/NNSynthesizer/cache/config-blobs-1/exp_132/config.json,1,SAMPLES,None,500,"[10, 10]",None,None,"{'select_bias': [[1, 9]]}",
133,skipped,skipped,skipped,/home/deebee/PycharmProjects/NNSynthesizer/cache/config-blobs-1/exp_133/config.json,1,SAMPLES,None,1000,"[10, 10]",None,None,"{'select_bias': [[1, 9]]}",
134,skipped,skipped,skipped,/home/deebee/PycharmProjects/NNSynthesizer/cache/config-blobs-1/exp_134/config.json,1,SAMPLES,None,2000,"[10, 10]",None,None,"{'select_bias': [[1, 9]]}",
135,skipped,skipped,skipped,/home/deebee/PycharmProjects/NNSynthesizer/cache/config-blobs-1/exp_135/config.json,1,SAMPLES,None,5500,"[10, 10]",None,None,"{'select_bias': [[1, 9]]}",
136,1.0,0.7417272727272727,176.9273,/home/deebee/PycharmProjects/NNSynthesizer/cache/config-blobs-1/exp_136/config.json,1,SAMPLES,6000,1,"[10, 10]",162,1,"{'select_weight': [[1, 10, 1]]}",
137,unknown,unknown,timeout,/home/deebee/PycharmProjects/NNSynthesizer/cache/config-blobs-1/exp_137/config.json,1,SAMPLES,6000,500,"[10, 10]",162,1,"{'select_weight': [[1, 10, 1]]}",
138,skipped,skipped,skipped,/home/deebee/PycharmProjects/NNSynthesizer/cache/config-blobs-1/exp_138/config.json,1,SAMPLES,None,1000,"[10, 10]",None,None,"{'select_weight': [[1, 10, 1]]}",
139,skipped,skipped,skipped,/home/deebee/PycharmProjects/NNSynthesizer/cache/config-blobs-1/exp_139/config.json,1,SAMPLES,None,2000,"[10, 10]",None,None,"{'select_weight': [[1, 10, 1]]}",
140,skipped,skipped,skipped,/home/deebee/PycharmProjects/NNSynthesizer/cache/config-blobs-1/exp_140/config.json,1,SAMPLES,None,5500,"[10, 10]",None,None,"{'select_weight': [[1, 10, 1]]}",
141,unsat,unsat,222.2493,/home/deebee/PycharmProjects/NNSynthesizer/cache/config-blobs-1/exp_141/config.json,1,SAMPLES,6000,1,"[10, 10]",162,1,"{'select_weight': [[1, 10, 2]]}",
142,skipped,skipped,skipped,/home/deebee/PycharmProjects/NNSynthesizer/cache/config-blobs-1/exp_142/config.json,1,SAMPLES,None,500,"[10, 10]",None,None,"{'select_weight': [[1, 10, 2]]}",
143,skipped,skipped,skipped,/home/deebee/PycharmProjects/NNSynthesizer/cache/config-blobs-1/exp_143/config.json,1,SAMPLES,None,1000,"[10, 10]",None,None,"{'select_weight': [[1, 10, 2]]}",
144,skipped,skipped,skipped,/home/deebee/PycharmProjects/NNSynthesizer/cache/config-blobs-1/exp_144/config.json,1,SAMPLES,None,2000,"[10, 10]",None,None,"{'select_weight': [[1, 10, 2]]}",
145,skipped,skipped,skipped,/home/deebee/PycharmProjects/NNSynthesizer/cache/config-blobs-1/exp_145/config.json,1,SAMPLES,None,5500,"[10, 10]",None,None,"{'select_weight': [[1, 10, 2]]}",
146,unknown,unknown,timeout,/home/deebee/PycharmProjects/NNSynthesizer/cache/config-blobs-1/exp_146/config.json,1,SAMPLES,6000,1,"[10, 10]",162,1,"{'select_bias': [[1, 10]]}",
147,skipped,skipped,skipped,/home/deebee/PycharmProjects/NNSynthesizer/cache/config-blobs-1/exp_147/config.json,1,SAMPLES,None,500,"[10, 10]",None,None,"{'select_bias': [[1, 10]]}",
148,skipped,skipped,skipped,/home/deebee/PycharmProjects/NNSynthesizer/cache/config-blobs-1/exp_148/config.json,1,SAMPLES,None,1000,"[10, 10]",None,None,"{'select_bias': [[1, 10]]}",
149,skipped,skipped,skipped,/home/deebee/PycharmProjects/NNSynthesizer/cache/config-blobs-1/exp_149/config.json,1,SAMPLES,None,2000,"[10, 10]",None,None,"{'select_bias': [[1, 10]]}",
150,skipped,skipped,skipped,/home/deebee/PycharmProjects/NNSynthesizer/cache/config-blobs-1/exp_150/config.json,1,SAMPLES,None,5500,"[10, 10]",None,None,"{'select_bias': [[1, 10]]}",
151,1.0,0.8710909090909091,20.4901,/home/deebee/PycharmProjects/NNSynthesizer/cache/config-blobs-1/exp_151/config.json,1,SAMPLES,6000,1,"[10, 10]",162,1,"{'select_weight': [[2, 1, 1]]}",
152,1.0,0.948,20.3107,/home/deebee/PycharmProjects/NNSynthesizer/cache/config-blobs-1/exp_152/config.json,1,SAMPLES,6000,500,"[10, 10]",162,1,"{'select_weight': [[2, 1, 1]]}",
153,1.0,0.8696363636363637,116.4395,/home/deebee/PycharmProjects/NNSynthesizer/cache/config-blobs-1/exp_153/config.json,1,SAMPLES,6000,1000,"[10, 10]",162,1,"{'select_weight': [[2, 1, 1]]}",
154,1.0,0.8696363636363637,63.6076,/home/deebee/PycharmProjects/NNSynthesizer/cache/config-blobs-1/exp_154/config.json,1,SAMPLES,6000,2000,"[10, 10]",162,1,"{'select_weight': [[2, 1, 1]]}",
155,1.0,0.91,233.1562,/home/deebee/PycharmProjects/NNSynthesizer/cache/config-blobs-1/exp_155/config.json,1,SAMPLES,6000,5500,"[10, 10]",162,1,"{'select_weight': [[2, 1, 1]]}",
156,unsat,unsat,96.8847,/home/deebee/PycharmProjects/NNSynthesizer/cache/config-blobs-1/exp_156/config.json,1,SAMPLES,6000,1,"[10, 10]",162,1,"{'select_weight': [[2, 1, 2]]}",
157,skipped,skipped,skipped,/home/deebee/PycharmProjects/NNSynthesizer/cache/config-blobs-1/exp_157/config.json,1,SAMPLES,None,500,"[10, 10]",None,None,"{'select_weight': [[2, 1, 2]]}",
158,skipped,skipped,skipped,/home/deebee/PycharmProjects/NNSynthesizer/cache/config-blobs-1/exp_158/config.json,1,SAMPLES,None,1000,"[10, 10]",None,None,"{'select_weight': [[2, 1, 2]]}",
159,skipped,skipped,skipped,/home/deebee/PycharmProjects/NNSynthesizer/cache/config-blobs-1/exp_159/config.json,1,SAMPLES,None,2000,"[10, 10]",None,None,"{'select_weight': [[2, 1, 2]]}",
160,skipped,skipped,skipped,/home/deebee/PycharmProjects/NNSynthesizer/cache/config-blobs-1/exp_160/config.json,1,SAMPLES,None,5500,"[10, 10]",None,None,"{'select_weight': [[2, 1, 2]]}",
161,unsat,unsat,85.7252,/home/deebee/PycharmProjects/NNSynthesizer/cache/config-blobs-1/exp_161/config.json,1,SAMPLES,6000,1,"[10, 10]",162,1,"{'select_weight': [[2, 1, 3]]}",
162,skipped,skipped,skipped,/home/deebee/PycharmProjects/NNSynthesizer/cache/config-blobs-1/exp_162/config.json,1,SAMPLES,None,500,"[10, 10]",None,None,"{'select_weight': [[2, 1, 3]]}",
163,skipped,skipped,skipped,/home/deebee/PycharmProjects/NNSynthesizer/cache/config-blobs-1/exp_163/config.json,1,SAMPLES,None,1000,"[10, 10]",None,None,"{'select_weight': [[2, 1, 3]]}",
164,skipped,skipped,skipped,/home/deebee/PycharmProjects/NNSynthesizer/cache/config-blobs-1/exp_164/config.json,1,SAMPLES,None,2000,"[10, 10]",None,None,"{'select_weight': [[2, 1, 3]]}",
165,skipped,skipped,skipped,/home/deebee/PycharmProjects/NNSynthesizer/cache/config-blobs-1/exp_165/config.json,1,SAMPLES,None,5500,"[10, 10]",None,None,"{'select_weight': [[2, 1, 3]]}",
166,unsat,unsat,75.9791,/home/deebee/PycharmProjects/NNSynthesizer/cache/config-blobs-1/exp_166/config.json,1,SAMPLES,6000,1,"[10, 10]",162,1,"{'select_weight': [[2, 1, 4]]}",
167,skipped,skipped,skipped,/home/deebee/PycharmProjects/NNSynthesizer/cache/config-blobs-1/exp_167/config.json,1,SAMPLES,None,500,"[10, 10]",None,None,"{'select_weight': [[2, 1, 4]]}",
168,skipped,skipped,skipped,/home/deebee/PycharmProjects/NNSynthesizer/cache/config-blobs-1/exp_168/config.json,1,SAMPLES,None,1000,"[10, 10]",None,None,"{'select_weight': [[2, 1, 4]]}",
169,skipped,skipped,skipped,/home/deebee/PycharmProjects/NNSynthesizer/cache/config-blobs-1/exp_169/config.json,1,SAMPLES,None,2000,"[10, 10]",None,None,"{'select_weight': [[2, 1, 4]]}",
170,skipped,skipped,skipped,/home/deebee/PycharmProjects/NNSynthesizer/cache/config-blobs-1/exp_170/config.json,1,SAMPLES,None,5500,"[10, 10]",None,None,"{'select_weight': [[2, 1, 4]]}",
171,1.0,0.8647272727272727,94.2983,/home/deebee/PycharmProjects/NNSynthesizer/cache/config-blobs-1/exp_171/config.json,1,SAMPLES,6000,1,"[10, 10]",162,1,"{'select_weight': [[2, 1, 5]]}",
172,1.0,0.8650909090909091,23.5698,/home/deebee/PycharmProjects/NNSynthesizer/cache/config-blobs-1/exp_172/config.json,1,SAMPLES,6000,500,"[10, 10]",162,1,"{'select_weight': [[2, 1, 5]]}",
173,1.0,0.8650909090909091,20.7106,/home/deebee/PycharmProjects/NNSynthesizer/cache/config-blobs-1/exp_173/config.json,1,SAMPLES,6000,1000,"[10, 10]",162,1,"{'select_weight': [[2, 1, 5]]}",
174,1.0,0.8647272727272727,133.9462,/home/deebee/PycharmProjects/NNSynthesizer/cache/config-blobs-1/exp_174/config.json,1,SAMPLES,6000,2000,"[10, 10]",162,1,"{'select_weight': [[2, 1, 5]]}",
175,1.0,0.9076363636363637,94.6567,/home/deebee/PycharmProjects/NNSynthesizer/cache/config-blobs-1/exp_175/config.json,1,SAMPLES,6000,5500,"[10, 10]",162,1,"{'select_weight': [[2, 1, 5]]}",
176,1.0,0.8699090909090909,50.3812,/home/deebee/PycharmProjects/NNSynthesizer/cache/config-blobs-1/exp_176/config.json,1,SAMPLES,6000,1,"[10, 10]",162,1,"{'select_weight': [[2, 1, 6]]}",
177,1.0,0.9914545454545455,20.6557,/home/deebee/PycharmProjects/NNSynthesizer/cache/config-blobs-1/exp_177/config.json,1,SAMPLES,6000,500,"[10, 10]",162,1,"{'select_weight': [[2, 1, 6]]}",
178,1.0,0.8699090909090909,52.4062,/home/deebee/PycharmProjects/NNSynthesizer/cache/config-blobs-1/exp_178/config.json,1,SAMPLES,6000,1000,"[10, 10]",162,1,"{'select_weight': [[2, 1, 6]]}",
179,1.0,0.8699090909090909,113.3854,/home/deebee/PycharmProjects/NNSynthesizer/cache/config-blobs-1/exp_179/config.json,1,SAMPLES,6000,2000,"[10, 10]",162,1,"{'select_weight': [[2, 1, 6]]}",
180,1.0,0.9181818181818182,93.1242,/home/deebee/PycharmProjects/NNSynthesizer/cache/config-blobs-1/exp_180/config.json,1,SAMPLES,6000,5500,"[10, 10]",162,1,"{'select_weight': [[2, 1, 6]]}",
181,1.0,0.871,21.1975,/home/deebee/PycharmProjects/NNSynthesizer/cache/config-blobs-1/exp_181/config.json,1,SAMPLES,6000,1,"[10, 10]",162,1,"{'select_weight': [[2, 1, 7]]}",
182,1.0,0.871,18.3898,/home/deebee/PycharmProjects/NNSynthesizer/cache/config-blobs-1/exp_182/config.json,1,SAMPLES,6000,500,"[10, 10]",162,1,"{'select_weight': [[2, 1, 7]]}",
183,1.0,0.871,22.2023,/home/deebee/PycharmProjects/NNSynthesizer/cache/config-blobs-1/exp_183/config.json,1,SAMPLES,6000,1000,"[10, 10]",162,1,"{'select_weight': [[2, 1, 7]]}",
184,1.0,0.8674545454545455,151.0522,/home/deebee/PycharmProjects/NNSynthesizer/cache/config-blobs-1/exp_184/config.json,1,SAMPLES,6000,2000,"[10, 10]",162,1,"{'select_weight': [[2, 1, 7]]}",
185,1.0,0.9049090909090909,77.5187,/home/deebee/PycharmProjects/NNSynthesizer/cache/config-blobs-1/exp_185/config.json,1,SAMPLES,6000,5500,"[10, 10]",162,1,"{'select_weight': [[2, 1, 7]]}",
186,1.0,0.9905454545454545,50.3898,/home/deebee/PycharmProjects/NNSynthesizer/cache/config-blobs-1/exp_186/config.json,1,SAMPLES,6000,1,"[10, 10]",162,1,"{'select_weight': [[2, 1, 8]]}",
187,1.0,0.9924545454545455,60.6516,/home/deebee/PycharmProjects/NNSynthesizer/cache/config-blobs-1/exp_187/config.json,1,SAMPLES,6000,500,"[10, 10]",162,1,"{'select_weight': [[2, 1, 8]]}",
188,1.0,0.9905454545454545,85.3579,/home/deebee/PycharmProjects/NNSynthesizer/cache/config-blobs-1/exp_188/config.json,1,SAMPLES,6000,1000,"[10, 10]",162,1,"{'select_weight': [[2, 1, 8]]}",
189,1.0,0.9905454545454545,110.8148,/home/deebee/PycharmProjects/NNSynthesizer/cache/config-blobs-1/exp_189/config.json,1,SAMPLES,6000,2000,"[10, 10]",162,1,"{'select_weight': [[2, 1, 8]]}",
190,1.0,0.92,83.1573,/home/deebee/PycharmProjects/NNSynthesizer/cache/config-blobs-1/exp_190/config.json,1,SAMPLES,6000,5500,"[10, 10]",162,1,"{'select_weight': [[2, 1, 8]]}",
191,1.0,0.8889090909090909,18.6195,/home/deebee/PycharmProjects/NNSynthesizer/cache/config-blobs-1/exp_191/config.json,1,SAMPLES,6000,1,"[10, 10]",162,1,"{'select_weight': [[2, 1, 9]]}",
192,1.0,0.8701818181818182,49.2539,/home/deebee/PycharmProjects/NNSynthesizer/cache/config-blobs-1/exp_192/config.json,1,SAMPLES,6000,500,"[10, 10]",162,1,"{'select_weight': [[2, 1, 9]]}",
193,1.0,0.8706363636363637,50.2406,/home/deebee/PycharmProjects/NNSynthesizer/cache/config-blobs-1/exp_193/config.json,1,SAMPLES,6000,1000,"[10, 10]",162,1,"{'select_weight': [[2, 1, 9]]}",
194,1.0,0.8889090909090909,18.6438,/home/deebee/PycharmProjects/NNSynthesizer/cache/config-blobs-1/exp_194/config.json,1,SAMPLES,6000,2000,"[10, 10]",162,1,"{'select_weight': [[2, 1, 9]]}",
195,1.0,0.9089090909090909,34.4804,/home/deebee/PycharmProjects/NNSynthesizer/cache/config-blobs-1/exp_195/config.json,1,SAMPLES,6000,5500,"[10, 10]",162,1,"{'select_weight': [[2, 1, 9]]}",
196,unsat,unsat,112.6928,/home/deebee/PycharmProjects/NNSynthesizer/cache/config-blobs-1/exp_196/config.json,1,SAMPLES,6000,1,"[10, 10]",162,1,"{'select_weight': [[2, 1, 10]]}",
197,skipped,skipped,skipped,/home/deebee/PycharmProjects/NNSynthesizer/cache/config-blobs-1/exp_197/config.json,1,SAMPLES,None,500,"[10, 10]",None,None,"{'select_weight': [[2, 1, 10]]}",
198,skipped,skipped,skipped,/home/deebee/PycharmProjects/NNSynthesizer/cache/config-blobs-1/exp_198/config.json,1,SAMPLES,None,1000,"[10, 10]",None,None,"{'select_weight': [[2, 1, 10]]}",
199,skipped,skipped,skipped,/home/deebee/PycharmProjects/NNSynthesizer/cache/config-blobs-1/exp_199/config.json,1,SAMPLES,None,2000,"[10, 10]",None,None,"{'select_weight': [[2, 1, 10]]}",
200,skipped,skipped,skipped,/home/deebee/PycharmProjects/NNSynthesizer/cache/config-blobs-1/exp_200/config.json,1,SAMPLES,None,5500,"[10, 10]",None,None,"{'select_weight': [[2, 1, 10]]}",
201,unknown,unknown,timeout,/home/deebee/PycharmProjects/NNSynthesizer/cache/config-blobs-1/exp_201/config.json,1,SAMPLES,6000,1,"[10, 10]",162,1,"{'select_bias': [[2, 1]]}",
202,skipped,skipped,skipped,/home/deebee/PycharmProjects/NNSynthesizer/cache/config-blobs-1/exp_202/config.json,1,SAMPLES,None,500,"[10, 10]",None,None,"{'select_bias': [[2, 1]]}",
203,skipped,skipped,skipped,/home/deebee/PycharmProjects/NNSynthesizer/cache/config-blobs-1/exp_203/config.json,1,SAMPLES,None,1000,"[10, 10]",None,None,"{'select_bias': [[2, 1]]}",
204,skipped,skipped,skipped,/home/deebee/PycharmProjects/NNSynthesizer/cache/config-blobs-1/exp_204/config.json,1,SAMPLES,None,2000,"[10, 10]",None,None,"{'select_bias': [[2, 1]]}",
205,skipped,skipped,skipped,/home/deebee/PycharmProjects/NNSynthesizer/cache/config-blobs-1/exp_205/config.json,1,SAMPLES,None,5500,"[10, 10]",None,None,"{'select_bias': [[2, 1]]}",
206,1.0,0.988909090909091,52.0785,/home/deebee/PycharmProjects/NNSynthesizer/cache/config-blobs-1/exp_206/config.json,1,SAMPLES,6000,1,"[10, 10]",162,1,"{'select_weight': [[2, 2, 1]]}",
207,1.0,0.988909090909091,47.6412,/home/deebee/PycharmProjects/NNSynthesizer/cache/config-blobs-1/exp_207/config.json,1,SAMPLES,6000,500,"[10, 10]",162,1,"{'select_weight': [[2, 2, 1]]}",
208,1.0,0.988909090909091,60.2526,/home/deebee/PycharmProjects/NNSynthesizer/cache/config-blobs-1/exp_208/config.json,1,SAMPLES,6000,1000,"[10, 10]",162,1,"{'select_weight': [[2, 2, 1]]}",
209,1.0,0.988909090909091,50.8622,/home/deebee/PycharmProjects/NNSynthesizer/cache/config-blobs-1/exp_209/config.json,1,SAMPLES,6000,2000,"[10, 10]",162,1,"{'select_weight': [[2, 2, 1]]}",
210,1.0,0.9888181818181818,44.7036,/home/deebee/PycharmProjects/NNSynthesizer/cache/config-blobs-1/exp_210/config.json,1,SAMPLES,6000,5500,"[10, 10]",162,1,"{'select_weight': [[2, 2, 1]]}",
211,unsat,unsat,82.5995,/home/deebee/PycharmProjects/NNSynthesizer/cache/config-blobs-1/exp_211/config.json,1,SAMPLES,6000,1,"[10, 10]",162,1,"{'select_weight': [[2, 2, 2]]}",
212,skipped,skipped,skipped,/home/deebee/PycharmProjects/NNSynthesizer/cache/config-blobs-1/exp_212/config.json,1,SAMPLES,None,500,"[10, 10]",None,None,"{'select_weight': [[2, 2, 2]]}",
213,skipped,skipped,skipped,/home/deebee/PycharmProjects/NNSynthesizer/cache/config-blobs-1/exp_213/config.json,1,SAMPLES,None,1000,"[10, 10]",None,None,"{'select_weight': [[2, 2, 2]]}",
214,skipped,skipped,skipped,/home/deebee/PycharmProjects/NNSynthesizer/cache/config-blobs-1/exp_214/config.json,1,SAMPLES,None,2000,"[10, 10]",None,None,"{'select_weight': [[2, 2, 2]]}",
215,skipped,skipped,skipped,/home/deebee/PycharmProjects/NNSynthesizer/cache/config-blobs-1/exp_215/config.json,1,SAMPLES,None,5500,"[10, 10]",None,None,"{'select_weight': [[2, 2, 2]]}",
216,unsat,unsat,109.4784,/home/deebee/PycharmProjects/NNSynthesizer/cache/config-blobs-1/exp_216/config.json,1,SAMPLES,6000,1,"[10, 10]",162,1,"{'select_weight': [[2, 2, 3]]}",
217,skipped,skipped,skipped,/home/deebee/PycharmProjects/NNSynthesizer/cache/config-blobs-1/exp_217/config.json,1,SAMPLES,None,500,"[10, 10]",None,None,"{'select_weight': [[2, 2, 3]]}",
218,skipped,skipped,skipped,/home/deebee/PycharmProjects/NNSynthesizer/cache/config-blobs-1/exp_218/config.json,1,SAMPLES,None,1000,"[10, 10]",None,None,"{'select_weight': [[2, 2, 3]]}",
219,skipped,skipped,skipped,/home/deebee/PycharmProjects/NNSynthesizer/cache/config-blobs-1/exp_219/config.json,1,SAMPLES,None,2000,"[10, 10]",None,None,"{'select_weight': [[2, 2, 3]]}",
220,skipped,skipped,skipped,/home/deebee/PycharmProjects/NNSynthesizer/cache/config-blobs-1/exp_220/config.json,1,SAMPLES,None,5500,"[10, 10]",None,None,"{'select_weight': [[2, 2, 3]]}",
221,unsat,unsat,88.4854,/home/deebee/PycharmProjects/NNSynthesizer/cache/config-blobs-1/exp_221/config.json,1,SAMPLES,6000,1,"[10, 10]",162,1,"{'select_weight': [[2, 2, 4]]}",
222,skipped,skipped,skipped,/home/deebee/PycharmProjects/NNSynthesizer/cache/config-blobs-1/exp_222/config.json,1,SAMPLES,None,500,"[10, 10]",None,None,"{'select_weight': [[2, 2, 4]]}",
223,skipped,skipped,skipped,/home/deebee/PycharmProjects/NNSynthesizer/cache/config-blobs-1/exp_223/config.json,1,SAMPLES,None,1000,"[10, 10]",None,None,"{'select_weight': [[2, 2, 4]]}",
224,skipped,skipped,skipped,/home/deebee/PycharmProjects/NNSynthesizer/cache/config-blobs-1/exp_224/config.json,1,SAMPLES,None,2000,"[10, 10]",None,None,"{'select_weight': [[2, 2, 4]]}",
225,skipped,skipped,skipped,/home/deebee/PycharmProjects/NNSynthesizer/cache/config-blobs-1/exp_225/config.json,1,SAMPLES,None,5500,"[10, 10]",None,None,"{'select_weight': [[2, 2, 4]]}",
226,1.0,0.9892727272727273,49.0442,/home/deebee/PycharmProjects/NNSynthesizer/cache/config-blobs-1/exp_226/config.json,1,SAMPLES,6000,1,"[10, 10]",162,1,"{'select_weight': [[2, 2, 5]]}",
227,1.0,0.9892727272727273,52.6340,/home/deebee/PycharmProjects/NNSynthesizer/cache/config-blobs-1/exp_227/config.json,1,SAMPLES,6000,500,"[10, 10]",162,1,"{'select_weight': [[2, 2, 5]]}",
228,1.0,0.992909090909091,20.1143,/home/deebee/PycharmProjects/NNSynthesizer/cache/config-blobs-1/exp_228/config.json,1,SAMPLES,6000,1000,"[10, 10]",162,1,"{'select_weight': [[2, 2, 5]]}",
229,1.0,0.992909090909091,19.2039,/home/deebee/PycharmProjects/NNSynthesizer/cache/config-blobs-1/exp_229/config.json,1,SAMPLES,6000,2000,"[10, 10]",162,1,"{'select_weight': [[2, 2, 5]]}",
230,1.0,0.9890909090909091,48.6983,/home/deebee/PycharmProjects/NNSynthesizer/cache/config-blobs-1/exp_230/config.json,1,SAMPLES,6000,5500,"[10, 10]",162,1,"{'select_weight': [[2, 2, 5]]}",
231,1.0,0.989909090909091,51.4536,/home/deebee/PycharmProjects/NNSynthesizer/cache/config-blobs-1/exp_231/config.json,1,SAMPLES,6000,1,"[10, 10]",162,1,"{'select_weight': [[2, 2, 6]]}",
232,1.0,0.989909090909091,51.6507,/home/deebee/PycharmProjects/NNSynthesizer/cache/config-blobs-1/exp_232/config.json,1,SAMPLES,6000,500,"[10, 10]",162,1,"{'select_weight': [[2, 2, 6]]}",
233,1.0,0.9915454545454545,24.7964,/home/deebee/PycharmProjects/NNSynthesizer/cache/config-blobs-1/exp_233/config.json,1,SAMPLES,6000,1000,"[10, 10]",162,1,"{'select_weight': [[2, 2, 6]]}",
234,1.0,0.989909090909091,46.7598,/home/deebee/PycharmProjects/NNSynthesizer/cache/config-blobs-1/exp_234/config.json,1,SAMPLES,6000,2000,"[10, 10]",162,1,"{'select_weight': [[2, 2, 6]]}",
235,1.0,0.9895454545454545,38.7977,/home/deebee/PycharmProjects/NNSynthesizer/cache/config-blobs-1/exp_235/config.json,1,SAMPLES,6000,5500,"[10, 10]",162,1,"{'select_weight': [[2, 2, 6]]}",
236,1.0,0.9895454545454545,65.3491,/home/deebee/PycharmProjects/NNSynthesizer/cache/config-blobs-1/exp_236/config.json,1,SAMPLES,6000,1,"[10, 10]",162,1,"{'select_weight': [[2, 2, 7]]}",
237,1.0,0.992,19.8932,/home/deebee/PycharmProjects/NNSynthesizer/cache/config-blobs-1/exp_237/config.json,1,SAMPLES,6000,500,"[10, 10]",162,1,"{'select_weight': [[2, 2, 7]]}",
238,1.0,0.9926363636363637,21.5627,/home/deebee/PycharmProjects/NNSynthesizer/cache/config-blobs-1/exp_238/config.json,1,SAMPLES,6000,1000,"[10, 10]",162,1,"{'select_weight': [[2, 2, 7]]}",
239,1.0,0.9895454545454545,64.2208,/home/deebee/PycharmProjects/NNSynthesizer/cache/config-blobs-1/exp_239/config.json,1,SAMPLES,6000,2000,"[10, 10]",162,1,"{'select_weight': [[2, 2, 7]]}",
240,1.0,0.99,92.9157,/home/deebee/PycharmProjects/NNSynthesizer/cache/config-blobs-1/exp_240/config.json,1,SAMPLES,6000,5500,"[10, 10]",162,1,"{'select_weight': [[2, 2, 7]]}",
241,1.0,0.9914545454545455,69.2250,/home/deebee/PycharmProjects/NNSynthesizer/cache/config-blobs-1/exp_241/config.json,1,SAMPLES,6000,1,"[10, 10]",162,1,"{'select_weight': [[2, 2, 8]]}",
242,1.0,0.9914545454545455,50.9994,/home/deebee/PycharmProjects/NNSynthesizer/cache/config-blobs-1/exp_242/config.json,1,SAMPLES,6000,500,"[10, 10]",162,1,"{'select_weight': [[2, 2, 8]]}",
243,1.0,0.9914545454545455,48.5000,/home/deebee/PycharmProjects/NNSynthesizer/cache/config-blobs-1/exp_243/config.json,1,SAMPLES,6000,1000,"[10, 10]",162,1,"{'select_weight': [[2, 2, 8]]}",
244,1.0,0.9914545454545455,55.0566,/home/deebee/PycharmProjects/NNSynthesizer/cache/config-blobs-1/exp_244/config.json,1,SAMPLES,6000,2000,"[10, 10]",162,1,"{'select_weight': [[2, 2, 8]]}",
245,1.0,0.9912727272727273,79.5581,/home/deebee/PycharmProjects/NNSynthesizer/cache/config-blobs-1/exp_245/config.json,1,SAMPLES,6000,5500,"[10, 10]",162,1,"{'select_weight': [[2, 2, 8]]}",
246,1.0,0.989909090909091,46.9686,/home/deebee/PycharmProjects/NNSynthesizer/cache/config-blobs-1/exp_246/config.json,1,SAMPLES,6000,1,"[10, 10]",162,1,"{'select_weight': [[2, 2, 9]]}",
247,1.0,0.989909090909091,79.5945,/home/deebee/PycharmProjects/NNSynthesizer/cache/config-blobs-1/exp_247/config.json,1,SAMPLES,6000,500,"[10, 10]",162,1,"{'select_weight': [[2, 2, 9]]}",
248,1.0,0.989909090909091,55.5985,/home/deebee/PycharmProjects/NNSynthesizer/cache/config-blobs-1/exp_248/config.json,1,SAMPLES,6000,1000,"[10, 10]",162,1,"{'select_weight': [[2, 2, 9]]}",
249,1.0,0.9913636363636363,18.4673,/home/deebee/PycharmProjects/NNSynthesizer/cache/config-blobs-1/exp_249/config.json,1,SAMPLES,6000,2000,"[10, 10]",162,1,"{'select_weight': [[2, 2, 9]]}",
250,1.0,0.9898181818181818,37.7994,/home/deebee/PycharmProjects/NNSynthesizer/cache/config-blobs-1/exp_250/config.json,1,SAMPLES,6000,5500,"[10, 10]",162,1,"{'select_weight': [[2, 2, 9]]}",
251,unsat,unsat,86.1703,/home/deebee/PycharmProjects/NNSynthesizer/cache/config-blobs-1/exp_251/config.json,1,SAMPLES,6000,1,"[10, 10]",162,1,"{'select_weight': [[2, 2, 10]]}",
252,skipped,skipped,skipped,/home/deebee/PycharmProjects/NNSynthesizer/cache/config-blobs-1/exp_252/config.json,1,SAMPLES,None,500,"[10, 10]",None,None,"{'select_weight': [[2, 2, 10]]}",
253,skipped,skipped,skipped,/home/deebee/PycharmProjects/NNSynthesizer/cache/config-blobs-1/exp_253/config.json,1,SAMPLES,None,1000,"[10, 10]",None,None,"{'select_weight': [[2, 2, 10]]}",
254,skipped,skipped,skipped,/home/deebee/PycharmProjects/NNSynthesizer/cache/config-blobs-1/exp_254/config.json,1,SAMPLES,None,2000,"[10, 10]",None,None,"{'select_weight': [[2, 2, 10]]}",
255,skipped,skipped,skipped,/home/deebee/PycharmProjects/NNSynthesizer/cache/config-blobs-1/exp_255/config.json,1,SAMPLES,None,5500,"[10, 10]",None,None,"{'select_weight': [[2, 2, 10]]}",
256,1.0,0.9854545454545455,286.1823,/home/deebee/PycharmProjects/NNSynthesizer/cache/config-blobs-1/exp_256/config.json,1,SAMPLES,6000,1,"[10, 10]",162,1,"{'select_bias': [[2, 2]]}",
257,1.0,0.9892727272727273,236.5776,/home/deebee/PycharmProjects/NNSynthesizer/cache/config-blobs-1/exp_257/config.json,1,SAMPLES,6000,500,"[10, 10]",162,1,"{'select_bias': [[2, 2]]}",
258,1.0,0.9854545454545455,61.9704,/home/deebee/PycharmProjects/NNSynthesizer/cache/config-blobs-1/exp_258/config.json,1,SAMPLES,6000,1000,"[10, 10]",162,1,"{'select_bias': [[2, 2]]}",
259,1.0,0.9904545454545455,54.7137,/home/deebee/PycharmProjects/NNSynthesizer/cache/config-blobs-1/exp_259/config.json,1,SAMPLES,6000,2000,"[10, 10]",162,1,"{'select_bias': [[2, 2]]}",
260,1.0,0.9868181818181818,95.7851,/home/deebee/PycharmProjects/NNSynthesizer/cache/config-blobs-1/exp_260/config.json,1,SAMPLES,6000,5500,"[10, 10]",162,1,"{'select_bias': [[2, 2]]}",
261,1.0,0.8624545454545455,21.5586,/home/deebee/PycharmProjects/NNSynthesizer/cache/config-blobs-1/exp_261/config.json,1,SAMPLES,6000,1,"[10, 10]",162,1,"{'select_weight': [[2, 3, 1]]}",
262,1.0,0.8685454545454545,19.7231,/home/deebee/PycharmProjects/NNSynthesizer/cache/config-blobs-1/exp_262/config.json,1,SAMPLES,6000,500,"[10, 10]",162,1,"{'select_weight': [[2, 3, 1]]}",
263,1.0,0.8684545454545455,20.4612,/home/deebee/PycharmProjects/NNSynthesizer/cache/config-blobs-1/exp_263/config.json,1,SAMPLES,6000,1000,"[10, 10]",162,1,"{'select_weight': [[2, 3, 1]]}",
264,1.0,0.9800909090909091,23.0357,/home/deebee/PycharmProjects/NNSynthesizer/cache/config-blobs-1/exp_264/config.json,1,SAMPLES,6000,2000,"[10, 10]",162,1,"{'select_weight': [[2, 3, 1]]}",
265,1.0,0.91,60.7562,/home/deebee/PycharmProjects/NNSynthesizer/cache/config-blobs-1/exp_265/config.json,1,SAMPLES,6000,5500,"[10, 10]",162,1,"{'select_weight': [[2, 3, 1]]}",
266,unsat,unsat,84.0856,/home/deebee/PycharmProjects/NNSynthesizer/cache/config-blobs-1/exp_266/config.json,1,SAMPLES,6000,1,"[10, 10]",162,1,"{'select_weight': [[2, 3, 2]]}",
267,skipped,skipped,skipped,/home/deebee/PycharmProjects/NNSynthesizer/cache/config-blobs-1/exp_267/config.json,1,SAMPLES,None,500,"[10, 10]",None,None,"{'select_weight': [[2, 3, 2]]}",
268,skipped,skipped,skipped,/home/deebee/PycharmProjects/NNSynthesizer/cache/config-blobs-1/exp_268/config.json,1,SAMPLES,None,1000,"[10, 10]",None,None,"{'select_weight': [[2, 3, 2]]}",
269,skipped,skipped,skipped,/home/deebee/PycharmProjects/NNSynthesizer/cache/config-blobs-1/exp_269/config.json,1,SAMPLES,None,2000,"[10, 10]",None,None,"{'select_weight': [[2, 3, 2]]}",
270,skipped,skipped,skipped,/home/deebee/PycharmProjects/NNSynthesizer/cache/config-blobs-1/exp_270/config.json,1,SAMPLES,None,5500,"[10, 10]",None,None,"{'select_weight': [[2, 3, 2]]}",
271,unsat,unsat,117.3100,/home/deebee/PycharmProjects/NNSynthesizer/cache/config-blobs-1/exp_271/config.json,1,SAMPLES,6000,1,"[10, 10]",162,1,"{'select_weight': [[2, 3, 3]]}",
272,skipped,skipped,skipped,/home/deebee/PycharmProjects/NNSynthesizer/cache/config-blobs-1/exp_272/config.json,1,SAMPLES,None,500,"[10, 10]",None,None,"{'select_weight': [[2, 3, 3]]}",
273,skipped,skipped,skipped,/home/deebee/PycharmProjects/NNSynthesizer/cache/config-blobs-1/exp_273/config.json,1,SAMPLES,None,1000,"[10, 10]",None,None,"{'select_weight': [[2, 3, 3]]}",
274,skipped,skipped,skipped,/home/deebee/PycharmProjects/NNSynthesizer/cache/config-blobs-1/exp_274/config.json,1,SAMPLES,None,2000,"[10, 10]",None,None,"{'select_weight': [[2, 3, 3]]}",
275,skipped,skipped,skipped,/home/deebee/PycharmProjects/NNSynthesizer/cache/config-blobs-1/exp_275/config.json,1,SAMPLES,None,5500,"[10, 10]",None,None,"{'select_weight': [[2, 3, 3]]}",
276,unsat,unsat,77.0253,/home/deebee/PycharmProjects/NNSynthesizer/cache/config-blobs-1/exp_276/config.json,1,SAMPLES,6000,1,"[10, 10]",162,1,"{'select_weight': [[2, 3, 4]]}",
277,skipped,skipped,skipped,/home/deebee/PycharmProjects/NNSynthesizer/cache/config-blobs-1/exp_277/config.json,1,SAMPLES,None,500,"[10, 10]",None,None,"{'select_weight': [[2, 3, 4]]}",
278,skipped,skipped,skipped,/home/deebee/PycharmProjects/NNSynthesizer/cache/config-blobs-1/exp_278/config.json,1,SAMPLES,None,1000,"[10, 10]",None,None,"{'select_weight': [[2, 3, 4]]}",
279,skipped,skipped,skipped,/home/deebee/PycharmProjects/NNSynthesizer/cache/config-blobs-1/exp_279/config.json,1,SAMPLES,None,2000,"[10, 10]",None,None,"{'select_weight': [[2, 3, 4]]}",
280,skipped,skipped,skipped,/home/deebee/PycharmProjects/NNSynthesizer/cache/config-blobs-1/exp_280/config.json,1,SAMPLES,None,5500,"[10, 10]",None,None,"{'select_weight': [[2, 3, 4]]}",
281,1.0,0.8680909090909091,132.1724,/home/deebee/PycharmProjects/NNSynthesizer/cache/config-blobs-1/exp_281/config.json,1,SAMPLES,6000,1,"[10, 10]",162,1,"{'select_weight': [[2, 3, 5]]}",
282,1.0,0.8680909090909091,140.0586,/home/deebee/PycharmProjects/NNSynthesizer/cache/config-blobs-1/exp_282/config.json,1,SAMPLES,6000,500,"[10, 10]",162,1,"{'select_weight': [[2, 3, 5]]}",
283,1.0,0.8670909090909091,95.2469,/home/deebee/PycharmProjects/NNSynthesizer/cache/config-blobs-1/exp_283/config.json,1,SAMPLES,6000,1000,"[10, 10]",162,1,"{'select_weight': [[2, 3, 5]]}",
284,1.0,0.8670909090909091,85.0565,/home/deebee/PycharmProjects/NNSynthesizer/cache/config-blobs-1/exp_284/config.json,1,SAMPLES,6000,2000,"[10, 10]",162,1,"{'select_weight': [[2, 3, 5]]}",
285,unsat,unsat,310.8526,/home/deebee/PycharmProjects/NNSynthesizer/cache/config-blobs-1/exp_285/config.json,1,SAMPLES,6000,5500,"[10, 10]",162,1,"{'select_weight': [[2, 3, 5]]}",
286,1.0,0.9827272727272728,81.5877,/home/deebee/PycharmProjects/NNSynthesizer/cache/config-blobs-1/exp_286/config.json,1,SAMPLES,6000,1,"[10, 10]",162,1,"{'select_weight': [[2, 3, 6]]}",
287,1.0,0.9931818181818182,18.2745,/home/deebee/PycharmProjects/NNSynthesizer/cache/config-blobs-1/exp_287/config.json,1,SAMPLES,6000,500,"[10, 10]",162,1,"{'select_weight': [[2, 3, 6]]}",
288,1.0,0.9931818181818182,23.8791,/home/deebee/PycharmProjects/NNSynthesizer/cache/config-blobs-1/exp_288/config.json,1,SAMPLES,6000,1000,"[10, 10]",162,1,"{'select_weight': [[2, 3, 6]]}",
289,1.0,0.9931818181818182,21.8903,/home/deebee/PycharmProjects/NNSynthesizer/cache/config-blobs-1/exp_289/config.json,1,SAMPLES,6000,2000,"[10, 10]",162,1,"{'select_weight': [[2, 3, 6]]}",
290,1.0,0.993,348.8827,/home/deebee/PycharmProjects/NNSynthesizer/cache/config-blobs-1/exp_290/config.json,1,SAMPLES,6000,5500,"[10, 10]",162,1,"{'select_weight': [[2, 3, 6]]}",
291,1.0,0.9309090909090909,20.3128,/home/deebee/PycharmProjects/NNSynthesizer/cache/config-blobs-1/exp_291/config.json,1,SAMPLES,6000,1,"[10, 10]",162,1,"{'select_weight': [[2, 3, 7]]}",
292,1.0,0.9309090909090909,20.2669,/home/deebee/PycharmProjects/NNSynthesizer/cache/config-blobs-1/exp_292/config.json,1,SAMPLES,6000,500,"[10, 10]",162,1,"{'select_weight': [[2, 3, 7]]}",
293,1.0,0.8758181818181818,116.0977,/home/deebee/PycharmProjects/NNSynthesizer/cache/config-blobs-1/exp_293/config.json,1,SAMPLES,6000,1000,"[10, 10]",162,1,"{'select_weight': [[2, 3, 7]]}",
294,1.0,0.8807272727272727,86.0899,/home/deebee/PycharmProjects/NNSynthesizer/cache/config-blobs-1/exp_294/config.json,1,SAMPLES,6000,2000,"[10, 10]",162,1,"{'select_weight': [[2, 3, 7]]}",
295,1.0,0.9140909090909091,44.7036,/home/deebee/PycharmProjects/NNSynthesizer/cache/config-blobs-1/exp_295/config.json,1,SAMPLES,6000,5500,"[10, 10]",162,1,"{'select_weight': [[2, 3, 7]]}",
296,1.0,0.9833636363636363,95.8298,/home/deebee/PycharmProjects/NNSynthesizer/cache/config-blobs-1/exp_296/config.json,1,SAMPLES,6000,1,"[10, 10]",162,1,"{'select_weight': [[2, 3, 8]]}",
297,1.0,0.9833636363636363,137.8918,/home/deebee/PycharmProjects/NNSynthesizer/cache/config-blobs-1/exp_297/config.json,1,SAMPLES,6000,500,"[10, 10]",162,1,"{'select_weight': [[2, 3, 8]]}",
298,1.0,0.9921818181818182,75.8556,/home/deebee/PycharmProjects/NNSynthesizer/cache/config-blobs-1/exp_298/config.json,1,SAMPLES,6000,1000,"[10, 10]",162,1,"{'select_weight': [[2, 3, 8]]}",
299,1.0,0.9921818181818182,140.5775,/home/deebee/PycharmProjects/NNSynthesizer/cache/config-blobs-1/exp_299/config.json,1,SAMPLES,6000,2000,"[10, 10]",162,1,"{'select_weight': [[2, 3, 8]]}",
300,1.0,0.985,45.5988,/home/deebee/PycharmProjects/NNSynthesizer/cache/config-blobs-1/exp_300/config.json,1,SAMPLES,6000,5500,"[10, 10]",162,1,"{'select_weight': [[2, 3, 8]]}",
301,1.0,0.9248181818181819,94.8207,/home/deebee/PycharmProjects/NNSynthesizer/cache/config-blobs-1/exp_301/config.json,1,SAMPLES,6000,1,"[10, 10]",162,1,"{'select_weight': [[2, 3, 9]]}",
302,1.0,0.9248181818181819,100.1330,/home/deebee/PycharmProjects/NNSynthesizer/cache/config-blobs-1/exp_302/config.json,1,SAMPLES,6000,500,"[10, 10]",162,1,"{'select_weight': [[2, 3, 9]]}",
303,1.0,0.989909090909091,115.9814,/home/deebee/PycharmProjects/NNSynthesizer/cache/config-blobs-1/exp_303/config.json,1,SAMPLES,6000,1000,"[10, 10]",162,1,"{'select_weight': [[2, 3, 9]]}",
304,1.0,0.9248181818181819,76.2623,/home/deebee/PycharmProjects/NNSynthesizer/cache/config-blobs-1/exp_304/config.json,1,SAMPLES,6000,2000,"[10, 10]",162,1,"{'select_weight': [[2, 3, 9]]}",
305,1.0,0.9934545454545455,154.8472,/home/deebee/PycharmProjects/NNSynthesizer/cache/config-blobs-1/exp_305/config.json,1,SAMPLES,6000,5500,"[10, 10]",162,1,"{'select_weight': [[2, 3, 9]]}",
306,unsat,unsat,87.0421,/home/deebee/PycharmProjects/NNSynthesizer/cache/config-blobs-1/exp_306/config.json,1,SAMPLES,6000,1,"[10, 10]",162,1,"{'select_weight': [[2, 3, 10]]}",
307,skipped,skipped,skipped,/home/deebee/PycharmProjects/NNSynthesizer/cache/config-blobs-1/exp_307/config.json,1,SAMPLES,None,500,"[10, 10]",None,None,"{'select_weight': [[2, 3, 10]]}",
308,skipped,skipped,skipped,/home/deebee/PycharmProjects/NNSynthesizer/cache/config-blobs-1/exp_308/config.json,1,SAMPLES,None,1000,"[10, 10]",None,None,"{'select_weight': [[2, 3, 10]]}",
309,skipped,skipped,skipped,/home/deebee/PycharmProjects/NNSynthesizer/cache/config-blobs-1/exp_309/config.json,1,SAMPLES,None,2000,"[10, 10]",None,None,"{'select_weight': [[2, 3, 10]]}",
310,skipped,skipped,skipped,/home/deebee/PycharmProjects/NNSynthesizer/cache/config-blobs-1/exp_310/config.json,1,SAMPLES,None,5500,"[10, 10]",None,None,"{'select_weight': [[2, 3, 10]]}",
311,unknown,unknown,timeout,/home/deebee/PycharmProjects/NNSynthesizer/cache/config-blobs-1/exp_311/config.json,1,SAMPLES,6000,1,"[10, 10]",162,1,"{'select_bias': [[2, 3]]}",
312,skipped,skipped,skipped,/home/deebee/PycharmProjects/NNSynthesizer/cache/config-blobs-1/exp_312/config.json,1,SAMPLES,None,500,"[10, 10]",None,None,"{'select_bias': [[2, 3]]}",
313,skipped,skipped,skipped,/home/deebee/PycharmProjects/NNSynthesizer/cache/config-blobs-1/exp_313/config.json,1,SAMPLES,None,1000,"[10, 10]",None,None,"{'select_bias': [[2, 3]]}",
314,skipped,skipped,skipped,/home/deebee/PycharmProjects/NNSynthesizer/cache/config-blobs-1/exp_314/config.json,1,SAMPLES,None,2000,"[10, 10]",None,None,"{'select_bias': [[2, 3]]}",
315,skipped,skipped,skipped,/home/deebee/PycharmProjects/NNSynthesizer/cache/config-blobs-1/exp_315/config.json,1,SAMPLES,None,5500,"[10, 10]",None,None,"{'select_bias': [[2, 3]]}",
316,1.0,0.9943636363636363,61.3556,/home/deebee/PycharmProjects/NNSynthesizer/cache/config-blobs-1/exp_316/config.json,1,SAMPLES,6000,1,"[10, 10]",162,1,"{'select_weight': [[2, 4, 1]]}",
317,1.0,0.9941818181818182,19.4032,/home/deebee/PycharmProjects/NNSynthesizer/cache/config-blobs-1/exp_317/config.json,1,SAMPLES,6000,500,"[10, 10]",162,1,"{'select_weight': [[2, 4, 1]]}",
318,1.0,0.9943636363636363,49.3287,/home/deebee/PycharmProjects/NNSynthesizer/cache/config-blobs-1/exp_318/config.json,1,SAMPLES,6000,1000,"[10, 10]",162,1,"{'select_weight': [[2, 4, 1]]}",
319,1.0,0.9943636363636363,51.2394,/home/deebee/PycharmProjects/NNSynthesizer/cache/config-blobs-1/exp_319/config.json,1,SAMPLES,6000,2000,"[10, 10]",162,1,"{'select_weight': [[2, 4, 1]]}",
320,1.0,0.968,120.1874,/home/deebee/PycharmProjects/NNSynthesizer/cache/config-blobs-1/exp_320/config.json,1,SAMPLES,6000,5500,"[10, 10]",162,1,"{'select_weight': [[2, 4, 1]]}",
321,unsat,unsat,109.1392,/home/deebee/PycharmProjects/NNSynthesizer/cache/config-blobs-1/exp_321/config.json,1,SAMPLES,6000,1,"[10, 10]",162,1,"{'select_weight': [[2, 4, 2]]}",
322,skipped,skipped,skipped,/home/deebee/PycharmProjects/NNSynthesizer/cache/config-blobs-1/exp_322/config.json,1,SAMPLES,None,500,"[10, 10]",None,None,"{'select_weight': [[2, 4, 2]]}",
323,skipped,skipped,skipped,/home/deebee/PycharmProjects/NNSynthesizer/cache/config-blobs-1/exp_323/config.json,1,SAMPLES,None,1000,"[10, 10]",None,None,"{'select_weight': [[2, 4, 2]]}",
324,skipped,skipped,skipped,/home/deebee/PycharmProjects/NNSynthesizer/cache/config-blobs-1/exp_324/config.json,1,SAMPLES,None,2000,"[10, 10]",None,None,"{'select_weight': [[2, 4, 2]]}",
325,skipped,skipped,skipped,/home/deebee/PycharmProjects/NNSynthesizer/cache/config-blobs-1/exp_325/config.json,1,SAMPLES,None,5500,"[10, 10]",None,None,"{'select_weight': [[2, 4, 2]]}",
326,unsat,unsat,87.1503,/home/deebee/PycharmProjects/NNSynthesizer/cache/config-blobs-1/exp_326/config.json,1,SAMPLES,6000,1,"[10, 10]",162,1,"{'select_weight': [[2, 4, 3]]}",
327,skipped,skipped,skipped,/home/deebee/PycharmProjects/NNSynthesizer/cache/config-blobs-1/exp_327/config.json,1,SAMPLES,None,500,"[10, 10]",None,None,"{'select_weight': [[2, 4, 3]]}",
328,skipped,skipped,skipped,/home/deebee/PycharmProjects/NNSynthesizer/cache/config-blobs-1/exp_328/config.json,1,SAMPLES,None,1000,"[10, 10]",None,None,"{'select_weight': [[2, 4, 3]]}",
329,skipped,skipped,skipped,/home/deebee/PycharmProjects/NNSynthesizer/cache/config-blobs-1/exp_329/config.json,1,SAMPLES,None,2000,"[10, 10]",None,None,"{'select_weight': [[2, 4, 3]]}",
330,skipped,skipped,skipped,/home/deebee/PycharmProjects/NNSynthesizer/cache/config-blobs-1/exp_330/config.json,1,SAMPLES,None,5500,"[10, 10]",None,None,"{'select_weight': [[2, 4, 3]]}",
331,unsat,unsat,91.5233,/home/deebee/PycharmProjects/NNSynthesizer/cache/config-blobs-1/exp_331/config.json,1,SAMPLES,6000,1,"[10, 10]",162,1,"{'select_weight': [[2, 4, 4]]}",
332,skipped,skipped,skipped,/home/deebee/PycharmProjects/NNSynthesizer/cache/config-blobs-1/exp_332/config.json,1,SAMPLES,None,500,"[10, 10]",None,None,"{'select_weight': [[2, 4, 4]]}",
333,skipped,skipped,skipped,/home/deebee/PycharmProjects/NNSynthesizer/cache/config-blobs-1/exp_333/config.json,1,SAMPLES,None,1000,"[10, 10]",None,None,"{'select_weight': [[2, 4, 4]]}",
334,skipped,skipped,skipped,/home/deebee/PycharmProjects/NNSynthesizer/cache/config-blobs-1/exp_334/config.json,1,SAMPLES,None,2000,"[10, 10]",None,None,"{'select_weight': [[2, 4, 4]]}",
335,skipped,skipped,skipped,/home/deebee/PycharmProjects/NNSynthesizer/cache/config-blobs-1/exp_335/config.json,1,SAMPLES,None,5500,"[10, 10]",None,None,"{'select_weight': [[2, 4, 4]]}",
336,1.0,0.8668181818181818,44.7547,/home/deebee/PycharmProjects/NNSynthesizer/cache/config-blobs-1/exp_336/config.json,1,SAMPLES,6000,1,"[10, 10]",162,1,"{'select_weight': [[2, 4, 5]]}",
337,1.0,0.9901818181818182,53.8802,/home/deebee/PycharmProjects/NNSynthesizer/cache/config-blobs-1/exp_337/config.json,1,SAMPLES,6000,500,"[10, 10]",162,1,"{'select_weight': [[2, 4, 5]]}",
338,1.0,0.8668181818181818,20.0816,/home/deebee/PycharmProjects/NNSynthesizer/cache/config-blobs-1/exp_338/config.json,1,SAMPLES,6000,1000,"[10, 10]",162,1,"{'select_weight': [[2, 4, 5]]}",
339,1.0,0.9901818181818182,49.7237,/home/deebee/PycharmProjects/NNSynthesizer/cache/config-blobs-1/exp_339/config.json,1,SAMPLES,6000,2000,"[10, 10]",162,1,"{'select_weight': [[2, 4, 5]]}",
340,1.0,0.958,151.7271,/home/deebee/PycharmProjects/NNSynthesizer/cache/config-blobs-1/exp_340/config.json,1,SAMPLES,6000,5500,"[10, 10]",162,1,"{'select_weight': [[2, 4, 5]]}",
341,1.0,0.953,29.1812,/home/deebee/PycharmProjects/NNSynthesizer/cache/config-blobs-1/exp_341/config.json,1,SAMPLES,6000,1,"[10, 10]",162,1,"{'select_weight': [[2, 4, 6]]}",
342,1.0,0.9552727272727273,25.6040,/home/deebee/PycharmProjects/NNSynthesizer/cache/config-blobs-1/exp_342/config.json,1,SAMPLES,6000,500,"[10, 10]",162,1,"{'select_weight': [[2, 4, 6]]}",
343,1.0,0.9105454545454545,58.8762,/home/deebee/PycharmProjects/NNSynthesizer/cache/config-blobs-1/exp_343/config.json,1,SAMPLES,6000,1000,"[10, 10]",162,1,"{'select_weight': [[2, 4, 6]]}",
344,1.0,0.932,40.9240,/home/deebee/PycharmProjects/NNSynthesizer/cache/config-blobs-1/exp_344/config.json,1,SAMPLES,6000,2000,"[10, 10]",162,1,"{'select_weight': [[2, 4, 6]]}",
345,1.0,0.9925454545454545,86.0687,/home/deebee/PycharmProjects/NNSynthesizer/cache/config-blobs-1/exp_345/config.json,1,SAMPLES,6000,5500,"[10, 10]",162,1,"{'select_weight': [[2, 4, 6]]}",
346,1.0,0.9806363636363636,50.4953,/home/deebee/PycharmProjects/NNSynthesizer/cache/config-blobs-1/exp_346/config.json,1,SAMPLES,6000,1,"[10, 10]",162,1,"{'select_weight': [[2, 4, 7]]}",
347,1.0,0.9806363636363636,50.6649,/home/deebee/PycharmProjects/NNSynthesizer/cache/config-blobs-1/exp_347/config.json,1,SAMPLES,6000,500,"[10, 10]",162,1,"{'select_weight': [[2, 4, 7]]}",
348,1.0,0.9806363636363636,35.6459,/home/deebee/PycharmProjects/NNSynthesizer/cache/config-blobs-1/exp_348/config.json,1,SAMPLES,6000,1000,"[10, 10]",162,1,"{'select_weight': [[2, 4, 7]]}",
349,1.0,0.9806363636363636,41.8155,/home/deebee/PycharmProjects/NNSynthesizer/cache/config-blobs-1/exp_349/config.json,1,SAMPLES,6000,2000,"[10, 10]",162,1,"{'select_weight': [[2, 4, 7]]}",
350,1.0,0.993,98.7517,/home/deebee/PycharmProjects/NNSynthesizer/cache/config-blobs-1/exp_350/config.json,1,SAMPLES,6000,5500,"[10, 10]",162,1,"{'select_weight': [[2, 4, 7]]}",
351,1.0,0.9894545454545455,34.3830,/home/deebee/PycharmProjects/NNSynthesizer/cache/config-blobs-1/exp_351/config.json,1,SAMPLES,6000,1,"[10, 10]",162,1,"{'select_weight': [[2, 4, 8]]}",
352,1.0,0.9856363636363636,48.5847,/home/deebee/PycharmProjects/NNSynthesizer/cache/config-blobs-1/exp_352/config.json,1,SAMPLES,6000,500,"[10, 10]",162,1,"{'select_weight': [[2, 4, 8]]}",
353,1.0,0.9728181818181818,56.6330,/home/deebee/PycharmProjects/NNSynthesizer/cache/config-blobs-1/exp_353/config.json,1,SAMPLES,6000,1000,"[10, 10]",162,1,"{'select_weight': [[2, 4, 8]]}",
354,1.0,0.9856363636363636,53.7696,/home/deebee/PycharmProjects/NNSynthesizer/cache/config-blobs-1/exp_354/config.json,1,SAMPLES,6000,2000,"[10, 10]",162,1,"{'select_weight': [[2, 4, 8]]}",
355,1.0,0.9926363636363637,73.7379,/home/deebee/PycharmProjects/NNSynthesizer/cache/config-blobs-1/exp_355/config.json,1,SAMPLES,6000,5500,"[10, 10]",162,1,"{'select_weight': [[2, 4, 8]]}",
356,1.0,0.9892727272727273,45.5766,/home/deebee/PycharmProjects/NNSynthesizer/cache/config-blobs-1/exp_356/config.json,1,SAMPLES,6000,1,"[10, 10]",162,1,"{'select_weight': [[2, 4, 9]]}",
357,1.0,0.985909090909091,48.3524,/home/deebee/PycharmProjects/NNSynthesizer/cache/config-blobs-1/exp_357/config.json,1,SAMPLES,6000,500,"[10, 10]",162,1,"{'select_weight': [[2, 4, 9]]}",
358,1.0,0.9806363636363636,52.4426,/home/deebee/PycharmProjects/NNSynthesizer/cache/config-blobs-1/exp_358/config.json,1,SAMPLES,6000,1000,"[10, 10]",162,1,"{'select_weight': [[2, 4, 9]]}",
359,1.0,0.9806363636363636,47.2622,/home/deebee/PycharmProjects/NNSynthesizer/cache/config-blobs-1/exp_359/config.json,1,SAMPLES,6000,2000,"[10, 10]",162,1,"{'select_weight': [[2, 4, 9]]}",
360,1.0,0.9927272727272727,91.0768,/home/deebee/PycharmProjects/NNSynthesizer/cache/config-blobs-1/exp_360/config.json,1,SAMPLES,6000,5500,"[10, 10]",162,1,"{'select_weight': [[2, 4, 9]]}",
361,unsat,unsat,110.9540,/home/deebee/PycharmProjects/NNSynthesizer/cache/config-blobs-1/exp_361/config.json,1,SAMPLES,6000,1,"[10, 10]",162,1,"{'select_weight': [[2, 4, 10]]}",
362,skipped,skipped,skipped,/home/deebee/PycharmProjects/NNSynthesizer/cache/config-blobs-1/exp_362/config.json,1,SAMPLES,None,500,"[10, 10]",None,None,"{'select_weight': [[2, 4, 10]]}",
363,skipped,skipped,skipped,/home/deebee/PycharmProjects/NNSynthesizer/cache/config-blobs-1/exp_363/config.json,1,SAMPLES,None,1000,"[10, 10]",None,None,"{'select_weight': [[2, 4, 10]]}",
364,skipped,skipped,skipped,/home/deebee/PycharmProjects/NNSynthesizer/cache/config-blobs-1/exp_364/config.json,1,SAMPLES,None,2000,"[10, 10]",None,None,"{'select_weight': [[2, 4, 10]]}",
365,skipped,skipped,skipped,/home/deebee/PycharmProjects/NNSynthesizer/cache/config-blobs-1/exp_365/config.json,1,SAMPLES,None,5500,"[10, 10]",None,None,"{'select_weight': [[2, 4, 10]]}",
366,1.0,0.9893636363636363,585.8850,/home/deebee/PycharmProjects/NNSynthesizer/cache/config-blobs-1/exp_366/config.json,1,SAMPLES,6000,1,"[10, 10]",162,1,"{'select_bias': [[2, 4]]}",
367,1.0,0.9527272727272728,162.7483,/home/deebee/PycharmProjects/NNSynthesizer/cache/config-blobs-1/exp_367/config.json,1,SAMPLES,6000,500,"[10, 10]",162,1,"{'select_bias': [[2, 4]]}",
368,1.0,0.995,204.7448,/home/deebee/PycharmProjects/NNSynthesizer/cache/config-blobs-1/exp_368/config.json,1,SAMPLES,6000,1000,"[10, 10]",162,1,"{'select_bias': [[2, 4]]}",
369,1.0,0.988,183.5327,/home/deebee/PycharmProjects/NNSynthesizer/cache/config-blobs-1/exp_369/config.json,1,SAMPLES,6000,2000,"[10, 10]",162,1,"{'select_bias': [[2, 4]]}",
370,1.0,0.9096363636363637,134.7168,/home/deebee/PycharmProjects/NNSynthesizer/cache/config-blobs-1/exp_370/config.json,1,SAMPLES,6000,5500,"[10, 10]",162,1,"{'select_bias': [[2, 4]]}",
371,unsat,unsat,80.9733,/home/deebee/PycharmProjects/NNSynthesizer/cache/config-blobs-1/exp_371/config.json,1,SAMPLES,6000,1,"[10, 10]",162,1,"{'select_weight': [[2, 5, 1]]}",
372,skipped,skipped,skipped,/home/deebee/PycharmProjects/NNSynthesizer/cache/config-blobs-1/exp_372/config.json,1,SAMPLES,None,500,"[10, 10]",None,None,"{'select_weight': [[2, 5, 1]]}",
373,skipped,skipped,skipped,/home/deebee/PycharmProjects/NNSynthesizer/cache/config-blobs-1/exp_373/config.json,1,SAMPLES,None,1000,"[10, 10]",None,None,"{'select_weight': [[2, 5, 1]]}",
374,skipped,skipped,skipped,/home/deebee/PycharmProjects/NNSynthesizer/cache/config-blobs-1/exp_374/config.json,1,SAMPLES,None,2000,"[10, 10]",None,None,"{'select_weight': [[2, 5, 1]]}",
375,skipped,skipped,skipped,/home/deebee/PycharmProjects/NNSynthesizer/cache/config-blobs-1/exp_375/config.json,1,SAMPLES,None,5500,"[10, 10]",None,None,"{'select_weight': [[2, 5, 1]]}",
376,unsat,unsat,109.1382,/home/deebee/PycharmProjects/NNSynthesizer/cache/config-blobs-1/exp_376/config.json,1,SAMPLES,6000,1,"[10, 10]",162,1,"{'select_weight': [[2, 5, 2]]}",
377,skipped,skipped,skipped,/home/deebee/PycharmProjects/NNSynthesizer/cache/config-blobs-1/exp_377/config.json,1,SAMPLES,None,500,"[10, 10]",None,None,"{'select_weight': [[2, 5, 2]]}",
378,skipped,skipped,skipped,/home/deebee/PycharmProjects/NNSynthesizer/cache/config-blobs-1/exp_378/config.json,1,SAMPLES,None,1000,"[10, 10]",None,None,"{'select_weight': [[2, 5, 2]]}",
379,skipped,skipped,skipped,/home/deebee/PycharmProjects/NNSynthesizer/cache/config-blobs-1/exp_379/config.json,1,SAMPLES,None,2000,"[10, 10]",None,None,"{'select_weight': [[2, 5, 2]]}",
380,skipped,skipped,skipped,/home/deebee/PycharmProjects/NNSynthesizer/cache/config-blobs-1/exp_380/config.json,1,SAMPLES,None,5500,"[10, 10]",None,None,"{'select_weight': [[2, 5, 2]]}",
381,unsat,unsat,84.0911,/home/deebee/PycharmProjects/NNSynthesizer/cache/config-blobs-1/exp_381/config.json,1,SAMPLES,6000,1,"[10, 10]",162,1,"{'select_weight': [[2, 5, 3]]}",
382,skipped,skipped,skipped,/home/deebee/PycharmProjects/NNSynthesizer/cache/config-blobs-1/exp_382/config.json,1,SAMPLES,None,500,"[10, 10]",None,None,"{'select_weight': [[2, 5, 3]]}",
383,skipped,skipped,skipped,/home/deebee/PycharmProjects/NNSynthesizer/cache/config-blobs-1/exp_383/config.json,1,SAMPLES,None,1000,"[10, 10]",None,None,"{'select_weight': [[2, 5, 3]]}",
384,skipped,skipped,skipped,/home/deebee/PycharmProjects/NNSynthesizer/cache/config-blobs-1/exp_384/config.json,1,SAMPLES,None,2000,"[10, 10]",None,None,"{'select_weight': [[2, 5, 3]]}",
385,skipped,skipped,skipped,/home/deebee/PycharmProjects/NNSynthesizer/cache/config-blobs-1/exp_385/config.json,1,SAMPLES,None,5500,"[10, 10]",None,None,"{'select_weight': [[2, 5, 3]]}",
386,unsat,unsat,80.8715,/home/deebee/PycharmProjects/NNSynthesizer/cache/config-blobs-1/exp_386/config.json,1,SAMPLES,6000,1,"[10, 10]",162,1,"{'select_weight': [[2, 5, 4]]}",
387,skipped,skipped,skipped,/home/deebee/PycharmProjects/NNSynthesizer/cache/config-blobs-1/exp_387/config.json,1,SAMPLES,None,500,"[10, 10]",None,None,"{'select_weight': [[2, 5, 4]]}",
388,skipped,skipped,skipped,/home/deebee/PycharmProjects/NNSynthesizer/cache/config-blobs-1/exp_388/config.json,1,SAMPLES,None,1000,"[10, 10]",None,None,"{'select_weight': [[2, 5, 4]]}",
389,skipped,skipped,skipped,/home/deebee/PycharmProjects/NNSynthesizer/cache/config-blobs-1/exp_389/config.json,1,SAMPLES,None,2000,"[10, 10]",None,None,"{'select_weight': [[2, 5, 4]]}",
390,skipped,skipped,skipped,/home/deebee/PycharmProjects/NNSynthesizer/cache/config-blobs-1/exp_390/config.json,1,SAMPLES,None,5500,"[10, 10]",None,None,"{'select_weight': [[2, 5, 4]]}",
391,unsat,unsat,56.4262,/home/deebee/PycharmProjects/NNSynthesizer/cache/config-blobs-1/exp_391/config.json,1,SAMPLES,6000,1,"[10, 10]",162,1,"{'select_weight': [[2, 5, 5]]}",
392,skipped,skipped,skipped,/home/deebee/PycharmProjects/NNSynthesizer/cache/config-blobs-1/exp_392/config.json,1,SAMPLES,None,500,"[10, 10]",None,None,"{'select_weight': [[2, 5, 5]]}",
393,skipped,skipped,skipped,/home/deebee/PycharmProjects/NNSynthesizer/cache/config-blobs-1/exp_393/config.json,1,SAMPLES,None,1000,"[10, 10]",None,None,"{'select_weight': [[2, 5, 5]]}",
394,skipped,skipped,skipped,/home/deebee/PycharmProjects/NNSynthesizer/cache/config-blobs-1/exp_394/config.json,1,SAMPLES,None,2000,"[10, 10]",None,None,"{'select_weight': [[2, 5, 5]]}",
395,skipped,skipped,skipped,/home/deebee/PycharmProjects/NNSynthesizer/cache/config-blobs-1/exp_395/config.json,1,SAMPLES,None,5500,"[10, 10]",None,None,"{'select_weight': [[2, 5, 5]]}",
396,unsat,unsat,84.9581,/home/deebee/PycharmProjects/NNSynthesizer/cache/config-blobs-1/exp_396/config.json,1,SAMPLES,6000,1,"[10, 10]",162,1,"{'select_weight': [[2, 5, 6]]}",
397,skipped,skipped,skipped,/home/deebee/PycharmProjects/NNSynthesizer/cache/config-blobs-1/exp_397/config.json,1,SAMPLES,None,500,"[10, 10]",None,None,"{'select_weight': [[2, 5, 6]]}",
398,skipped,skipped,skipped,/home/deebee/PycharmProjects/NNSynthesizer/cache/config-blobs-1/exp_398/config.json,1,SAMPLES,None,1000,"[10, 10]",None,None,"{'select_weight': [[2, 5, 6]]}",
399,skipped,skipped,skipped,/home/deebee/PycharmProjects/NNSynthesizer/cache/config-blobs-1/exp_399/config.json,1,SAMPLES,None,2000,"[10, 10]",None,None,"{'select_weight': [[2, 5, 6]]}",
400,skipped,skipped,skipped,/home/deebee/PycharmProjects/NNSynthesizer/cache/config-blobs-1/exp_400/config.json,1,SAMPLES,None,5500,"[10, 10]",None,None,"{'select_weight': [[2, 5, 6]]}",
401,unsat,unsat,50.9655,/home/deebee/PycharmProjects/NNSynthesizer/cache/config-blobs-1/exp_401/config.json,1,SAMPLES,6000,1,"[10, 10]",162,1,"{'select_weight': [[2, 5, 7]]}",
402,skipped,skipped,skipped,/home/deebee/PycharmProjects/NNSynthesizer/cache/config-blobs-1/exp_402/config.json,1,SAMPLES,None,500,"[10, 10]",None,None,"{'select_weight': [[2, 5, 7]]}",
403,skipped,skipped,skipped,/home/deebee/PycharmProjects/NNSynthesizer/cache/config-blobs-1/exp_403/config.json,1,SAMPLES,None,1000,"[10, 10]",None,None,"{'select_weight': [[2, 5, 7]]}",
404,skipped,skipped,skipped,/home/deebee/PycharmProjects/NNSynthesizer/cache/config-blobs-1/exp_404/config.json,1,SAMPLES,None,2000,"[10, 10]",None,None,"{'select_weight': [[2, 5, 7]]}",
405,skipped,skipped,skipped,/home/deebee/PycharmProjects/NNSynthesizer/cache/config-blobs-1/exp_405/config.json,1,SAMPLES,None,5500,"[10, 10]",None,None,"{'select_weight': [[2, 5, 7]]}",
406,unsat,unsat,70.9681,/home/deebee/PycharmProjects/NNSynthesizer/cache/config-blobs-1/exp_406/config.json,1,SAMPLES,6000,1,"[10, 10]",162,1,"{'select_weight': [[2, 5, 8]]}",
407,skipped,skipped,skipped,/home/deebee/PycharmProjects/NNSynthesizer/cache/config-blobs-1/exp_407/config.json,1,SAMPLES,None,500,"[10, 10]",None,None,"{'select_weight': [[2, 5, 8]]}",
408,skipped,skipped,skipped,/home/deebee/PycharmProjects/NNSynthesizer/cache/config-blobs-1/exp_408/config.json,1,SAMPLES,None,1000,"[10, 10]",None,None,"{'select_weight': [[2, 5, 8]]}",
409,skipped,skipped,skipped,/home/deebee/PycharmProjects/NNSynthesizer/cache/config-blobs-1/exp_409/config.json,1,SAMPLES,None,2000,"[10, 10]",None,None,"{'select_weight': [[2, 5, 8]]}",
410,skipped,skipped,skipped,/home/deebee/PycharmProjects/NNSynthesizer/cache/config-blobs-1/exp_410/config.json,1,SAMPLES,None,5500,"[10, 10]",None,None,"{'select_weight': [[2, 5, 8]]}",
411,unsat,unsat,100.3558,/home/deebee/PycharmProjects/NNSynthesizer/cache/config-blobs-1/exp_411/config.json,1,SAMPLES,6000,1,"[10, 10]",162,1,"{'select_weight': [[2, 5, 9]]}",
412,skipped,skipped,skipped,/home/deebee/PycharmProjects/NNSynthesizer/cache/config-blobs-1/exp_412/config.json,1,SAMPLES,None,500,"[10, 10]",None,None,"{'select_weight': [[2, 5, 9]]}",
413,skipped,skipped,skipped,/home/deebee/PycharmProjects/NNSynthesizer/cache/config-blobs-1/exp_413/config.json,1,SAMPLES,None,1000,"[10, 10]",None,None,"{'select_weight': [[2, 5, 9]]}",
414,skipped,skipped,skipped,/home/deebee/PycharmProjects/NNSynthesizer/cache/config-blobs-1/exp_414/config.json,1,SAMPLES,None,2000,"[10, 10]",None,None,"{'select_weight': [[2, 5, 9]]}",
415,skipped,skipped,skipped,/home/deebee/PycharmProjects/NNSynthesizer/cache/config-blobs-1/exp_415/config.json,1,SAMPLES,None,5500,"[10, 10]",None,None,"{'select_weight': [[2, 5, 9]]}",
416,unsat,unsat,87.9220,/home/deebee/PycharmProjects/NNSynthesizer/cache/config-blobs-1/exp_416/config.json,1,SAMPLES,6000,1,"[10, 10]",162,1,"{'select_weight': [[2, 5, 10]]}",
417,skipped,skipped,skipped,/home/deebee/PycharmProjects/NNSynthesizer/cache/config-blobs-1/exp_417/config.json,1,SAMPLES,None,500,"[10, 10]",None,None,"{'select_weight': [[2, 5, 10]]}",
418,skipped,skipped,skipped,/home/deebee/PycharmProjects/NNSynthesizer/cache/config-blobs-1/exp_418/config.json,1,SAMPLES,None,1000,"[10, 10]",None,None,"{'select_weight': [[2, 5, 10]]}",
419,skipped,skipped,skipped,/home/deebee/PycharmProjects/NNSynthesizer/cache/config-blobs-1/exp_419/config.json,1,SAMPLES,None,2000,"[10, 10]",None,None,"{'select_weight': [[2, 5, 10]]}",
420,skipped,skipped,skipped,/home/deebee/PycharmProjects/NNSynthesizer/cache/config-blobs-1/exp_420/config.json,1,SAMPLES,None,5500,"[10, 10]",None,None,"{'select_weight': [[2, 5, 10]]}",
421,unknown,unknown,timeout,/home/deebee/PycharmProjects/NNSynthesizer/cache/config-blobs-1/exp_421/config.json,1,SAMPLES,6000,1,"[10, 10]",162,1,"{'select_bias': [[2, 5]]}",
422,skipped,skipped,skipped,/home/deebee/PycharmProjects/NNSynthesizer/cache/config-blobs-1/exp_422/config.json,1,SAMPLES,None,500,"[10, 10]",None,None,"{'select_bias': [[2, 5]]}",
423,skipped,skipped,skipped,/home/deebee/PycharmProjects/NNSynthesizer/cache/config-blobs-1/exp_423/config.json,1,SAMPLES,None,1000,"[10, 10]",None,None,"{'select_bias': [[2, 5]]}",
424,skipped,skipped,skipped,/home/deebee/PycharmProjects/NNSynthesizer/cache/config-blobs-1/exp_424/config.json,1,SAMPLES,None,2000,"[10, 10]",None,None,"{'select_bias': [[2, 5]]}",
425,skipped,skipped,skipped,/home/deebee/PycharmProjects/NNSynthesizer/cache/config-blobs-1/exp_425/config.json,1,SAMPLES,None,5500,"[10, 10]",None,None,"{'select_bias': [[2, 5]]}",
426,1.0,0.9937272727272727,17.8057,/home/deebee/PycharmProjects/NNSynthesizer/cache/config-blobs-1/exp_426/config.json,1,SAMPLES,6000,1,"[10, 10]",162,1,"{'select_weight': [[2, 6, 1]]}",
427,1.0,0.9928181818181818,19.5072,/home/deebee/PycharmProjects/NNSynthesizer/cache/config-blobs-1/exp_427/config.json,1,SAMPLES,6000,500,"[10, 10]",162,1,"{'select_weight': [[2, 6, 1]]}",
428,1.0,0.9944545454545455,19.7141,/home/deebee/PycharmProjects/NNSynthesizer/cache/config-blobs-1/exp_428/config.json,1,SAMPLES,6000,1000,"[10, 10]",162,1,"{'select_weight': [[2, 6, 1]]}",
429,1.0,0.8680909090909091,19.7912,/home/deebee/PycharmProjects/NNSynthesizer/cache/config-blobs-1/exp_429/config.json,1,SAMPLES,6000,2000,"[10, 10]",162,1,"{'select_weight': [[2, 6, 1]]}",
430,1.0,0.9071818181818182,50.3583,/home/deebee/PycharmProjects/NNSynthesizer/cache/config-blobs-1/exp_430/config.json,1,SAMPLES,6000,5500,"[10, 10]",162,1,"{'select_weight': [[2, 6, 1]]}",
431,unsat,unsat,113.0744,/home/deebee/PycharmProjects/NNSynthesizer/cache/config-blobs-1/exp_431/config.json,1,SAMPLES,6000,1,"[10, 10]",162,1,"{'select_weight': [[2, 6, 2]]}",
432,skipped,skipped,skipped,/home/deebee/PycharmProjects/NNSynthesizer/cache/config-blobs-1/exp_432/config.json,1,SAMPLES,None,500,"[10, 10]",None,None,"{'select_weight': [[2, 6, 2]]}",
433,skipped,skipped,skipped,/home/deebee/PycharmProjects/NNSynthesizer/cache/config-blobs-1/exp_433/config.json,1,SAMPLES,None,1000,"[10, 10]",None,None,"{'select_weight': [[2, 6, 2]]}",
434,skipped,skipped,skipped,/home/deebee/PycharmProjects/NNSynthesizer/cache/config-blobs-1/exp_434/config.json,1,SAMPLES,None,2000,"[10, 10]",None,None,"{'select_weight': [[2, 6, 2]]}",
435,skipped,skipped,skipped,/home/deebee/PycharmProjects/NNSynthesizer/cache/config-blobs-1/exp_435/config.json,1,SAMPLES,None,5500,"[10, 10]",None,None,"{'select_weight': [[2, 6, 2]]}",
436,unsat,unsat,119.2982,/home/deebee/PycharmProjects/NNSynthesizer/cache/config-blobs-1/exp_436/config.json,1,SAMPLES,6000,1,"[10, 10]",162,1,"{'select_weight': [[2, 6, 3]]}",
437,skipped,skipped,skipped,/home/deebee/PycharmProjects/NNSynthesizer/cache/config-blobs-1/exp_437/config.json,1,SAMPLES,None,500,"[10, 10]",None,None,"{'select_weight': [[2, 6, 3]]}",
438,skipped,skipped,skipped,/home/deebee/PycharmProjects/NNSynthesizer/cache/config-blobs-1/exp_438/config.json,1,SAMPLES,None,1000,"[10, 10]",None,None,"{'select_weight': [[2, 6, 3]]}",
439,skipped,skipped,skipped,/home/deebee/PycharmProjects/NNSynthesizer/cache/config-blobs-1/exp_439/config.json,1,SAMPLES,None,2000,"[10, 10]",None,None,"{'select_weight': [[2, 6, 3]]}",
440,skipped,skipped,skipped,/home/deebee/PycharmProjects/NNSynthesizer/cache/config-blobs-1/exp_440/config.json,1,SAMPLES,None,5500,"[10, 10]",None,None,"{'select_weight': [[2, 6, 3]]}",
441,unsat,unsat,114.3428,/home/deebee/PycharmProjects/NNSynthesizer/cache/config-blobs-1/exp_441/config.json,1,SAMPLES,6000,1,"[10, 10]",162,1,"{'select_weight': [[2, 6, 4]]}",
442,skipped,skipped,skipped,/home/deebee/PycharmProjects/NNSynthesizer/cache/config-blobs-1/exp_442/config.json,1,SAMPLES,None,500,"[10, 10]",None,None,"{'select_weight': [[2, 6, 4]]}",
443,skipped,skipped,skipped,/home/deebee/PycharmProjects/NNSynthesizer/cache/config-blobs-1/exp_443/config.json,1,SAMPLES,None,1000,"[10, 10]",None,None,"{'select_weight': [[2, 6, 4]]}",
444,skipped,skipped,skipped,/home/deebee/PycharmProjects/NNSynthesizer/cache/config-blobs-1/exp_444/config.json,1,SAMPLES,None,2000,"[10, 10]",None,None,"{'select_weight': [[2, 6, 4]]}",
445,skipped,skipped,skipped,/home/deebee/PycharmProjects/NNSynthesizer/cache/config-blobs-1/exp_445/config.json,1,SAMPLES,None,5500,"[10, 10]",None,None,"{'select_weight': [[2, 6, 4]]}",
446,1.0,0.866,118.3804,/home/deebee/PycharmProjects/NNSynthesizer/cache/config-blobs-1/exp_446/config.json,1,SAMPLES,6000,1,"[10, 10]",162,1,"{'select_weight': [[2, 6, 5]]}",
447,1.0,0.866,98.9650,/home/deebee/PycharmProjects/NNSynthesizer/cache/config-blobs-1/exp_447/config.json,1,SAMPLES,6000,500,"[10, 10]",162,1,"{'select_weight': [[2, 6, 5]]}",
448,1.0,0.866,75.0488,/home/deebee/PycharmProjects/NNSynthesizer/cache/config-blobs-1/exp_448/config.json,1,SAMPLES,6000,1000,"[10, 10]",162,1,"{'select_weight': [[2, 6, 5]]}",
449,1.0,0.866,86.9101,/home/deebee/PycharmProjects/NNSynthesizer/cache/config-blobs-1/exp_449/config.json,1,SAMPLES,6000,2000,"[10, 10]",162,1,"{'select_weight': [[2, 6, 5]]}",
450,unsat,unsat,123.3251,/home/deebee/PycharmProjects/NNSynthesizer/cache/config-blobs-1/exp_450/config.json,1,SAMPLES,6000,5500,"[10, 10]",162,1,"{'select_weight': [[2, 6, 5]]}",
451,1.0,0.8964545454545455,107.8894,/home/deebee/PycharmProjects/NNSynthesizer/cache/config-blobs-1/exp_451/config.json,1,SAMPLES,6000,1,"[10, 10]",162,1,"{'select_weight': [[2, 6, 6]]}",
452,1.0,0.8964545454545455,144.1496,/home/deebee/PycharmProjects/NNSynthesizer/cache/config-blobs-1/exp_452/config.json,1,SAMPLES,6000,500,"[10, 10]",162,1,"{'select_weight': [[2, 6, 6]]}",
453,1.0,0.8964545454545455,119.2248,/home/deebee/PycharmProjects/NNSynthesizer/cache/config-blobs-1/exp_453/config.json,1,SAMPLES,6000,1000,"[10, 10]",162,1,"{'select_weight': [[2, 6, 6]]}",
454,1.0,0.8964545454545455,112.8859,/home/deebee/PycharmProjects/NNSynthesizer/cache/config-blobs-1/exp_454/config.json,1,SAMPLES,6000,2000,"[10, 10]",162,1,"{'select_weight': [[2, 6, 6]]}",
455,1.0,0.9432727272727273,36.5585,/home/deebee/PycharmProjects/NNSynthesizer/cache/config-blobs-1/exp_455/config.json,1,SAMPLES,6000,5500,"[10, 10]",162,1,"{'select_weight': [[2, 6, 6]]}",
456,1.0,0.8678181818181818,72.2124,/home/deebee/PycharmProjects/NNSynthesizer/cache/config-blobs-1/exp_456/config.json,1,SAMPLES,6000,1,"[10, 10]",162,1,"{'select_weight': [[2, 6, 7]]}",
457,1.0,0.8688181818181818,91.5912,/home/deebee/PycharmProjects/NNSynthesizer/cache/config-blobs-1/exp_457/config.json,1,SAMPLES,6000,500,"[10, 10]",162,1,"{'select_weight': [[2, 6, 7]]}",
458,1.0,0.8688181818181818,85.0227,/home/deebee/PycharmProjects/NNSynthesizer/cache/config-blobs-1/exp_458/config.json,1,SAMPLES,6000,1000,"[10, 10]",162,1,"{'select_weight': [[2, 6, 7]]}",
459,1.0,0.8678181818181818,100.4232,/home/deebee/PycharmProjects/NNSynthesizer/cache/config-blobs-1/exp_459/config.json,1,SAMPLES,6000,2000,"[10, 10]",162,1,"{'select_weight': [[2, 6, 7]]}",
460,unsat,unsat,375.6339,/home/deebee/PycharmProjects/NNSynthesizer/cache/config-blobs-1/exp_460/config.json,1,SAMPLES,6000,5500,"[10, 10]",162,1,"{'select_weight': [[2, 6, 7]]}",
461,1.0,0.9182727272727272,97.3101,/home/deebee/PycharmProjects/NNSynthesizer/cache/config-blobs-1/exp_461/config.json,1,SAMPLES,6000,1,"[10, 10]",162,1,"{'select_weight': [[2, 6, 8]]}",
462,1.0,0.9182727272727272,95.5328,/home/deebee/PycharmProjects/NNSynthesizer/cache/config-blobs-1/exp_462/config.json,1,SAMPLES,6000,500,"[10, 10]",162,1,"{'select_weight': [[2, 6, 8]]}",
463,1.0,0.9621818181818181,96.2835,/home/deebee/PycharmProjects/NNSynthesizer/cache/config-blobs-1/exp_463/config.json,1,SAMPLES,6000,1000,"[10, 10]",162,1,"{'select_weight': [[2, 6, 8]]}",
464,1.0,0.9621818181818181,112.0818,/home/deebee/PycharmProjects/NNSynthesizer/cache/config-blobs-1/exp_464/config.json,1,SAMPLES,6000,2000,"[10, 10]",162,1,"{'select_weight': [[2, 6, 8]]}",
465,1.0,0.916,118.1886,/home/deebee/PycharmProjects/NNSynthesizer/cache/config-blobs-1/exp_465/config.json,1,SAMPLES,6000,5500,"[10, 10]",162,1,"{'select_weight': [[2, 6, 8]]}",
466,1.0,0.9862727272727273,79.1106,/home/deebee/PycharmProjects/NNSynthesizer/cache/config-blobs-1/exp_466/config.json,1,SAMPLES,6000,1,"[10, 10]",162,1,"{'select_weight': [[2, 6, 9]]}",
467,1.0,0.9862727272727273,96.0834,/home/deebee/PycharmProjects/NNSynthesizer/cache/config-blobs-1/exp_467/config.json,1,SAMPLES,6000,500,"[10, 10]",162,1,"{'select_weight': [[2, 6, 9]]}",
468,1.0,0.9715454545454546,85.9010,/home/deebee/PycharmProjects/NNSynthesizer/cache/config-blobs-1/exp_468/config.json,1,SAMPLES,6000,1000,"[10, 10]",162,1,"{'select_weight': [[2, 6, 9]]}",
469,1.0,0.9862727272727273,96.5067,/home/deebee/PycharmProjects/NNSynthesizer/cache/config-blobs-1/exp_469/config.json,1,SAMPLES,6000,2000,"[10, 10]",162,1,"{'select_weight': [[2, 6, 9]]}",
470,1.0,0.946,38.3298,/home/deebee/PycharmProjects/NNSynthesizer/cache/config-blobs-1/exp_470/config.json,1,SAMPLES,6000,5500,"[10, 10]",162,1,"{'select_weight': [[2, 6, 9]]}",
471,unsat,unsat,85.8728,/home/deebee/PycharmProjects/NNSynthesizer/cache/config-blobs-1/exp_471/config.json,1,SAMPLES,6000,1,"[10, 10]",162,1,"{'select_weight': [[2, 6, 10]]}",
472,skipped,skipped,skipped,/home/deebee/PycharmProjects/NNSynthesizer/cache/config-blobs-1/exp_472/config.json,1,SAMPLES,None,500,"[10, 10]",None,None,"{'select_weight': [[2, 6, 10]]}",
473,skipped,skipped,skipped,/home/deebee/PycharmProjects/NNSynthesizer/cache/config-blobs-1/exp_473/config.json,1,SAMPLES,None,1000,"[10, 10]",None,None,"{'select_weight': [[2, 6, 10]]}",
474,skipped,skipped,skipped,/home/deebee/PycharmProjects/NNSynthesizer/cache/config-blobs-1/exp_474/config.json,1,SAMPLES,None,2000,"[10, 10]",None,None,"{'select_weight': [[2, 6, 10]]}",
475,skipped,skipped,skipped,/home/deebee/PycharmProjects/NNSynthesizer/cache/config-blobs-1/exp_475/config.json,1,SAMPLES,None,5500,"[10, 10]",None,None,"{'select_weight': [[2, 6, 10]]}",
476,unknown,unknown,timeout,/home/deebee/PycharmProjects/NNSynthesizer/cache/config-blobs-1/exp_476/config.json,1,SAMPLES,6000,1,"[10, 10]",162,1,"{'select_bias': [[2, 6]]}",
477,skipped,skipped,skipped,/home/deebee/PycharmProjects/NNSynthesizer/cache/config-blobs-1/exp_477/config.json,1,SAMPLES,None,500,"[10, 10]",None,None,"{'select_bias': [[2, 6]]}",
478,skipped,skipped,skipped,/home/deebee/PycharmProjects/NNSynthesizer/cache/config-blobs-1/exp_478/config.json,1,SAMPLES,None,1000,"[10, 10]",None,None,"{'select_bias': [[2, 6]]}",
479,skipped,skipped,skipped,/home/deebee/PycharmProjects/NNSynthesizer/cache/config-blobs-1/exp_479/config.json,1,SAMPLES,None,2000,"[10, 10]",None,None,"{'select_bias': [[2, 6]]}",
480,skipped,skipped,skipped,/home/deebee/PycharmProjects/NNSynthesizer/cache/config-blobs-1/exp_480/config.json,1,SAMPLES,None,5500,"[10, 10]",None,None,"{'select_bias': [[2, 6]]}",
481,unsat,unsat,89.0561,/home/deebee/PycharmProjects/NNSynthesizer/cache/config-blobs-1/exp_481/config.json,1,SAMPLES,6000,1,"[10, 10]",162,1,"{'select_weight': [[2, 7, 1]]}",
482,skipped,skipped,skipped,/home/deebee/PycharmProjects/NNSynthesizer/cache/config-blobs-1/exp_482/config.json,1,SAMPLES,None,500,"[10, 10]",None,None,"{'select_weight': [[2, 7, 1]]}",
483,skipped,skipped,skipped,/home/deebee/PycharmProjects/NNSynthesizer/cache/config-blobs-1/exp_483/config.json,1,SAMPLES,None,1000,"[10, 10]",None,None,"{'select_weight': [[2, 7, 1]]}",
484,skipped,skipped,skipped,/home/deebee/PycharmProjects/NNSynthesizer/cache/config-blobs-1/exp_484/config.json,1,SAMPLES,None,2000,"[10, 10]",None,None,"{'select_weight': [[2, 7, 1]]}",
485,skipped,skipped,skipped,/home/deebee/PycharmProjects/NNSynthesizer/cache/config-blobs-1/exp_485/config.json,1,SAMPLES,None,5500,"[10, 10]",None,None,"{'select_weight': [[2, 7, 1]]}",
486,unsat,unsat,108.7018,/home/deebee/PycharmProjects/NNSynthesizer/cache/config-blobs-1/exp_486/config.json,1,SAMPLES,6000,1,"[10, 10]",162,1,"{'select_weight': [[2, 7, 2]]}",
487,skipped,skipped,skipped,/home/deebee/PycharmProjects/NNSynthesizer/cache/config-blobs-1/exp_487/config.json,1,SAMPLES,None,500,"[10, 10]",None,None,"{'select_weight': [[2, 7, 2]]}",
488,skipped,skipped,skipped,/home/deebee/PycharmProjects/NNSynthesizer/cache/config-blobs-1/exp_488/config.json,1,SAMPLES,None,1000,"[10, 10]",None,None,"{'select_weight': [[2, 7, 2]]}",
489,skipped,skipped,skipped,/home/deebee/PycharmProjects/NNSynthesizer/cache/config-blobs-1/exp_489/config.json,1,SAMPLES,None,2000,"[10, 10]",None,None,"{'select_weight': [[2, 7, 2]]}",
490,skipped,skipped,skipped,/home/deebee/PycharmProjects/NNSynthesizer/cache/config-blobs-1/exp_490/config.json,1,SAMPLES,None,5500,"[10, 10]",None,None,"{'select_weight': [[2, 7, 2]]}",
491,unsat,unsat,91.0429,/home/deebee/PycharmProjects/NNSynthesizer/cache/config-blobs-1/exp_491/config.json,1,SAMPLES,6000,1,"[10, 10]",162,1,"{'select_weight': [[2, 7, 3]]}",
492,skipped,skipped,skipped,/home/deebee/PycharmProjects/NNSynthesizer/cache/config-blobs-1/exp_492/config.json,1,SAMPLES,None,500,"[10, 10]",None,None,"{'select_weight': [[2, 7, 3]]}",
493,skipped,skipped,skipped,/home/deebee/PycharmProjects/NNSynthesizer/cache/config-blobs-1/exp_493/config.json,1,SAMPLES,None,1000,"[10, 10]",None,None,"{'select_weight': [[2, 7, 3]]}",
494,skipped,skipped,skipped,/home/deebee/PycharmProjects/NNSynthesizer/cache/config-blobs-1/exp_494/config.json,1,SAMPLES,None,2000,"[10, 10]",None,None,"{'select_weight': [[2, 7, 3]]}",
495,skipped,skipped,skipped,/home/deebee/PycharmProjects/NNSynthesizer/cache/config-blobs-1/exp_495/config.json,1,SAMPLES,None,5500,"[10, 10]",None,None,"{'select_weight': [[2, 7, 3]]}",
496,unsat,unsat,80.3191,/home/deebee/PycharmProjects/NNSynthesizer/cache/config-blobs-1/exp_496/config.json,1,SAMPLES,6000,1,"[10, 10]",162,1,"{'select_weight': [[2, 7, 4]]}",
497,skipped,skipped,skipped,/home/deebee/PycharmProjects/NNSynthesizer/cache/config-blobs-1/exp_497/config.json,1,SAMPLES,None,500,"[10, 10]",None,None,"{'select_weight': [[2, 7, 4]]}",
498,skipped,skipped,skipped,/home/deebee/PycharmProjects/NNSynthesizer/cache/config-blobs-1/exp_498/config.json,1,SAMPLES,None,1000,"[10, 10]",None,None,"{'select_weight': [[2, 7, 4]]}",
499,skipped,skipped,skipped,/home/deebee/PycharmProjects/NNSynthesizer/cache/config-blobs-1/exp_499/config.json,1,SAMPLES,None,2000,"[10, 10]",None,None,"{'select_weight': [[2, 7, 4]]}",
500,skipped,skipped,skipped,/home/deebee/PycharmProjects/NNSynthesizer/cache/config-blobs-1/exp_500/config.json,1,SAMPLES,None,5500,"[10, 10]",None,None,"{'select_weight': [[2, 7, 4]]}",
501,unsat,unsat,42.1970,/home/deebee/PycharmProjects/NNSynthesizer/cache/config-blobs-1/exp_501/config.json,1,SAMPLES,6000,1,"[10, 10]",162,1,"{'select_weight': [[2, 7, 5]]}",
502,skipped,skipped,skipped,/home/deebee/PycharmProjects/NNSynthesizer/cache/config-blobs-1/exp_502/config.json,1,SAMPLES,None,500,"[10, 10]",None,None,"{'select_weight': [[2, 7, 5]]}",
503,skipped,skipped,skipped,/home/deebee/PycharmProjects/NNSynthesizer/cache/config-blobs-1/exp_503/config.json,1,SAMPLES,None,1000,"[10, 10]",None,None,"{'select_weight': [[2, 7, 5]]}",
504,skipped,skipped,skipped,/home/deebee/PycharmProjects/NNSynthesizer/cache/config-blobs-1/exp_504/config.json,1,SAMPLES,None,2000,"[10, 10]",None,None,"{'select_weight': [[2, 7, 5]]}",
505,skipped,skipped,skipped,/home/deebee/PycharmProjects/NNSynthesizer/cache/config-blobs-1/exp_505/config.json,1,SAMPLES,None,5500,"[10, 10]",None,None,"{'select_weight': [[2, 7, 5]]}",
506,unsat,unsat,71.5907,/home/deebee/PycharmProjects/NNSynthesizer/cache/config-blobs-1/exp_506/config.json,1,SAMPLES,6000,1,"[10, 10]",162,1,"{'select_weight': [[2, 7, 6]]}",
507,skipped,skipped,skipped,/home/deebee/PycharmProjects/NNSynthesizer/cache/config-blobs-1/exp_507/config.json,1,SAMPLES,None,500,"[10, 10]",None,None,"{'select_weight': [[2, 7, 6]]}",
508,skipped,skipped,skipped,/home/deebee/PycharmProjects/NNSynthesizer/cache/config-blobs-1/exp_508/config.json,1,SAMPLES,None,1000,"[10, 10]",None,None,"{'select_weight': [[2, 7, 6]]}",
509,skipped,skipped,skipped,/home/deebee/PycharmProjects/NNSynthesizer/cache/config-blobs-1/exp_509/config.json,1,SAMPLES,None,2000,"[10, 10]",None,None,"{'select_weight': [[2, 7, 6]]}",
510,skipped,skipped,skipped,/home/deebee/PycharmProjects/NNSynthesizer/cache/config-blobs-1/exp_510/config.json,1,SAMPLES,None,5500,"[10, 10]",None,None,"{'select_weight': [[2, 7, 6]]}",
511,unsat,unsat,93.2632,/home/deebee/PycharmProjects/NNSynthesizer/cache/config-blobs-1/exp_511/config.json,1,SAMPLES,6000,1,"[10, 10]",162,1,"{'select_weight': [[2, 7, 7]]}",
512,skipped,skipped,skipped,/home/deebee/PycharmProjects/NNSynthesizer/cache/config-blobs-1/exp_512/config.json,1,SAMPLES,None,500,"[10, 10]",None,None,"{'select_weight': [[2, 7, 7]]}",
513,skipped,skipped,skipped,/home/deebee/PycharmProjects/NNSynthesizer/cache/config-blobs-1/exp_513/config.json,1,SAMPLES,None,1000,"[10, 10]",None,None,"{'select_weight': [[2, 7, 7]]}",
514,skipped,skipped,skipped,/home/deebee/PycharmProjects/NNSynthesizer/cache/config-blobs-1/exp_514/config.json,1,SAMPLES,None,2000,"[10, 10]",None,None,"{'select_weight': [[2, 7, 7]]}",
515,skipped,skipped,skipped,/home/deebee/PycharmProjects/NNSynthesizer/cache/config-blobs-1/exp_515/config.json,1,SAMPLES,None,5500,"[10, 10]",None,None,"{'select_weight': [[2, 7, 7]]}",
516,unsat,unsat,107.3229,/home/deebee/PycharmProjects/NNSynthesizer/cache/config-blobs-1/exp_516/config.json,1,SAMPLES,6000,1,"[10, 10]",162,1,"{'select_weight': [[2, 7, 8]]}",
517,skipped,skipped,skipped,/home/deebee/PycharmProjects/NNSynthesizer/cache/config-blobs-1/exp_517/config.json,1,SAMPLES,None,500,"[10, 10]",None,None,"{'select_weight': [[2, 7, 8]]}",
518,skipped,skipped,skipped,/home/deebee/PycharmProjects/NNSynthesizer/cache/config-blobs-1/exp_518/config.json,1,SAMPLES,None,1000,"[10, 10]",None,None,"{'select_weight': [[2, 7, 8]]}",
519,skipped,skipped,skipped,/home/deebee/PycharmProjects/NNSynthesizer/cache/config-blobs-1/exp_519/config.json,1,SAMPLES,None,2000,"[10, 10]",None,None,"{'select_weight': [[2, 7, 8]]}",
520,skipped,skipped,skipped,/home/deebee/PycharmProjects/NNSynthesizer/cache/config-blobs-1/exp_520/config.json,1,SAMPLES,None,5500,"[10, 10]",None,None,"{'select_weight': [[2, 7, 8]]}",
521,unsat,unsat,73.0419,/home/deebee/PycharmProjects/NNSynthesizer/cache/config-blobs-1/exp_521/config.json,1,SAMPLES,6000,1,"[10, 10]",162,1,"{'select_weight': [[2, 7, 9]]}",
522,skipped,skipped,skipped,/home/deebee/PycharmProjects/NNSynthesizer/cache/config-blobs-1/exp_522/config.json,1,SAMPLES,None,500,"[10, 10]",None,None,"{'select_weight': [[2, 7, 9]]}",
523,skipped,skipped,skipped,/home/deebee/PycharmProjects/NNSynthesizer/cache/config-blobs-1/exp_523/config.json,1,SAMPLES,None,1000,"[10, 10]",None,None,"{'select_weight': [[2, 7, 9]]}",
524,skipped,skipped,skipped,/home/deebee/PycharmProjects/NNSynthesizer/cache/config-blobs-1/exp_524/config.json,1,SAMPLES,None,2000,"[10, 10]",None,None,"{'select_weight': [[2, 7, 9]]}",
525,skipped,skipped,skipped,/home/deebee/PycharmProjects/NNSynthesizer/cache/config-blobs-1/exp_525/config.json,1,SAMPLES,None,5500,"[10, 10]",None,None,"{'select_weight': [[2, 7, 9]]}",
526,unsat,unsat,69.6643,/home/deebee/PycharmProjects/NNSynthesizer/cache/config-blobs-1/exp_526/config.json,1,SAMPLES,6000,1,"[10, 10]",162,1,"{'select_weight': [[2, 7, 10]]}",
527,skipped,skipped,skipped,/home/deebee/PycharmProjects/NNSynthesizer/cache/config-blobs-1/exp_527/config.json,1,SAMPLES,None,500,"[10, 10]",None,None,"{'select_weight': [[2, 7, 10]]}",
528,skipped,skipped,skipped,/home/deebee/PycharmProjects/NNSynthesizer/cache/config-blobs-1/exp_528/config.json,1,SAMPLES,None,1000,"[10, 10]",None,None,"{'select_weight': [[2, 7, 10]]}",
529,skipped,skipped,skipped,/home/deebee/PycharmProjects/NNSynthesizer/cache/config-blobs-1/exp_529/config.json,1,SAMPLES,None,2000,"[10, 10]",None,None,"{'select_weight': [[2, 7, 10]]}",
530,skipped,skipped,skipped,/home/deebee/PycharmProjects/NNSynthesizer/cache/config-blobs-1/exp_530/config.json,1,SAMPLES,None,5500,"[10, 10]",None,None,"{'select_weight': [[2, 7, 10]]}",
531,unknown,unknown,timeout,/home/deebee/PycharmProjects/NNSynthesizer/cache/config-blobs-1/exp_531/config.json,1,SAMPLES,6000,1,"[10, 10]",162,1,"{'select_bias': [[2, 7]]}",
532,skipped,skipped,skipped,/home/deebee/PycharmProjects/NNSynthesizer/cache/config-blobs-1/exp_532/config.json,1,SAMPLES,None,500,"[10, 10]",None,None,"{'select_bias': [[2, 7]]}",
533,skipped,skipped,skipped,/home/deebee/PycharmProjects/NNSynthesizer/cache/config-blobs-1/exp_533/config.json,1,SAMPLES,None,1000,"[10, 10]",None,None,"{'select_bias': [[2, 7]]}",
534,skipped,skipped,skipped,/home/deebee/PycharmProjects/NNSynthesizer/cache/config-blobs-1/exp_534/config.json,1,SAMPLES,None,2000,"[10, 10]",None,None,"{'select_bias': [[2, 7]]}",
535,skipped,skipped,skipped,/home/deebee/PycharmProjects/NNSynthesizer/cache/config-blobs-1/exp_535/config.json,1,SAMPLES,None,5500,"[10, 10]",None,None,"{'select_bias': [[2, 7]]}",
